{"opi":[0.0476190485060215,0.0476190485060215,0.0476190485060215,0.0476190485060215,0.0476190485060215,0.0476190485060215,0.0476190485060215,0.0476190485060215,0.0476190485060215,0.095238097012043,0.1428571492433548,0.1428571492433548,0.1428571492433548,0.190476194024086,0.190476194024086,0.190476194024086,0.190476194024086,0.190476194024086,0.190476194024086,0.190476194024086,0.190476194024086,0.2380952388048172,0.2380952388048172,0.2380952388048172,0.2380952388048172,0.2380952388048172,0.2380952388048172,0.2380952388048172,0.2380952388048172,0.2380952388048172,0.2380952388048172,0.2380952388048172,0.2857142984867096,0.3333333432674408,0.3333333432674408,0.3333333432674408,0.3333333432674408,0.3333333432674408],"ori_confidence":[0.0032326271757483482,0.0064652543514966965,0.009697881527245045,0.012930508702993393,0.016163134947419167,0.01939576305449009,0.022628391161561012,0.025861019268631935,0.029093647375702858,0.06608784198760986,0.21847040951251984,0.3708529770374298,0.5232354998588562,0.6912937760353088,0.8593520522117615,1.0274102687835693,1.1954686641693115,1.3635270595550537,1.531585454940796,1.699643850326538,1.8677022457122803,2.0897111892700195,2.3117198944091797,2.53372859954834,2.7557373046875,2.97774600982666,3.1997547149658203,3.4217634201049805,3.6437721252441406,3.865780830383301,4.087789058685303,4.309797763824463,4.538288116455078,4.802671909332275,5.067055702209473,5.33143949508667,5.595823287963867,5.8602070808410645],"ori_distance":[0.002361813560128212,0.004723627120256424,0.007085440680384636,0.009447254240512848,0.01180906780064106,0.014170881360769272,0.016532694920897484,0.018894508481025696,0.021256322041153908,0.041932813823223114,0.1454048454761505,0.24887686967849731,0.3523489236831665,0.4709583818912506,0.5895678400993347,0.7081772089004517,0.8267865777015686,0.9453959465026855,1.0640053749084473,1.182614803314209,1.3012242317199707,1.4819179773330688,1.662611722946167,1.8433054685592651,2.0239992141723633,2.204693078994751,2.3853869438171387,2.5660808086395264,2.746774673461914,2.9274685382843018,3.1081624031066895,3.288856267929077,3.4730095863342285,3.67983078956604,3.8866519927978516,4.093473434448242,4.300295352935791,4.50711727142334],"ori_surface":[0.005766945891082287,0.011533891782164574,0.017300836741924286,0.023067781701683998,0.02883472852408886,0.03460167348384857,0.040368616580963135,0.0461355596780777,0.05190250277519226,0.12493591010570526,0.35358136892318726,0.5822268128395081,0.8108723163604736,1.0650633573532104,1.3192542791366577,1.573445200920105,1.8276361227035522,2.081827163696289,2.3360180854797363,2.5902090072631836,2.844399929046631,3.162231683731079,3.4800634384155273,3.7978951930999756,4.115726947784424,4.433558464050293,4.751389980316162,5.069221496582031,5.3870530128479,5.7048845291137695,6.022716045379639,6.340547561645508,6.665994167327881,7.034712791442871,7.403431415557861,7.772150039672852,8.140868186950684,8.509587287902832],"time_s":[94.44116973876953,102.4598388671875,110.21421813964844,123.86817169189453,136.35890197753906,164.64308166503906,187.06060791015625,194.80909729003906,204.01284790039063,211.80990600585938,222.99020385742188,232.5401153564453,240.46090698242188,248.6131591796875,257.098876953125,265.20550537109375,273.48162841796875,297.30908203125,305.5845031738281,314.45782470703125,323.5680236816406,331.59027099609375,340.26220703125,349.26416015625,357.91949462890625,366.7726135253906,375.6896667480469,384.6307678222656,410.9691467285156,421.0879821777344,431.7553405761719,440.3520812988281,451.3359680175781,475.420166015625,486.447998046875,496.3689880371094,509.6130676269531,529.1607666015625],"timestep":[1879.5389404296875,1884.9510498046875,1890.133056640625,1900.4580078125,1909.8070068359375,1932.31494140625,1950.0460205078125,1955.4100341796875,1962.0369873046875,1967.2919921875,1975.73095703125,1982.6810302734375,1988.1309814453125,1993.8189697265625,1999.5770263671875,2005.1419677734375,2010.8260498046875,2029.85302734375,2035.324951171875,2041.22900390625,2047.31396484375,2052.5830078125,2058.139892578125,2063.929931640625,2069.34912109375,2075.14111328125,2080.55810546875,2085.764892578125,2106.4208984375,2113.387939453125,2120.658935546875,2126.1220703125,2134.0400390625,2152.9140625,2160.385009765625,2166.907958984375,2176.1240234375,2190.330078125]}