{"opi":[0.05714285746216774,0.05714285746216774,0.05714285746216774,0.05714285746216774,0.05714285746216774,0.05714285746216774,0.05714285746216774,0.05714285746216774,0.05714285746216774,0.05714285746216774,0.05714285746216774,0.05714285746216774,0.05714285746216774,0.05714285746216774,0.05714285746216774,0.05714285746216774,0.05714285746216774,0.1428571492433548,0.1428571492433548,0.1428571492433548,0.17142857611179352,0.17142857611179352,0.17142857611179352,0.20000000298023224,0.22857142984867096,0.22857142984867096,0.22857142984867096,0.2571428716182709,0.2571428716182709,0.2571428716182709,0.3142857253551483,0.3142857253551483,0.34285715222358704,0.37142857909202576],"ori_confidence":[0.0313350185751915,0.062670037150383,0.0940050482749939,0.1253400593996048,0.1566750705242157,0.1880100816488266,0.2193450927734375,0.2506801187992096,0.2820151448249817,0.3133501708507538,0.3446851968765259,0.376020222902298,0.40735524892807007,0.43869027495384216,0.47002530097961426,0.5013603568077087,0.5326953530311584,0.628835141658783,0.7249749302864075,0.821114718914032,0.9362472295761108,1.0513797998428345,1.166512370109558,1.2861279249191284,1.4248614311218262,1.563594937324524,1.7023284435272217,1.8480225801467896,1.9937167167663574,2.139410972595215,2.2861311435699463,2.4328513145446777,2.6169333457946777,2.8019254207611084],"ori_distance":[0.049296505749225616,0.09859301149845123,0.14788950979709625,0.19718600809574127,0.2464825063943863,0.2957790195941925,0.3450755178928375,0.39437201619148254,0.44366851449012756,0.4929650127887726,0.54226154088974,0.591558039188385,0.64085453748703,0.690151035785675,0.7394475340843201,0.7887440323829651,0.8380405306816101,0.9384816288948059,1.0389227867126465,1.1393640041351318,1.2716737985610962,1.4039835929870605,1.536293387413025,1.6717259883880615,1.836191177368164,2.0006563663482666,2.165121555328369,2.3396732807159424,2.5142250061035156,2.688776731491089,2.864222526550293,3.039668321609497,3.251986265182495,3.465280532836914],"ori_surface":[0.057246748358011246,0.1144934892654419,0.17174023389816284,0.2289869785308838,0.28623372316360474,0.3434804677963257,0.40072721242904663,0.4579739570617676,0.5152207016944885,0.5724674463272095,0.6297141909599304,0.6869609355926514,0.7442076802253723,0.8014544248580933,0.8587011694908142,0.9159479141235352,0.9731946587562561,1.1207945346832275,1.2683944702148438,1.41599440574646,1.59702467918396,1.77805495262146,1.95908522605896,2.145968437194824,2.364766836166382,2.5835649967193604,2.802363157272339,3.033848285675049,3.265333652496338,3.496819019317627,3.730139970779419,3.963460683822632,4.245375633239746,4.528653144836426],"time_s":[46.416221618652344,58.16360855102539,68.97460174560547,102.64514923095703,117.25809478759766,131.6827850341797,142.47982788085938,158.3771209716797,175.1435089111328,188.67807006835938,200.09205627441406,212.01998901367188,223.95941162109375,234.23870849609375,250.6681365966797,264.5122375488281,276.099365234375,297.40228271484375,312.05609130859375,335.81585693359375,345.38873291015625,356.9997253417969,369.3193054199219,382.2113342285156,393.8760681152344,418.36383056640625,437.10888671875,451.42181396484375,464.1800842285156,485.2170104980469,513.156982421875,529.795654296875,549.98486328125,574.1102294921875],"timestep":[6823.1220703125,6834.0380859375,6843.69677734375,6875.24609375,6888.2041015625,6901.03515625,6910.2958984375,6924.380859375,6939.35498046875,6951.13720703125,6961.201171875,6971.9169921875,6982.52978515625,6992.0,7007.64111328125,7020.423828125,7031.01904296875,7051.091796875,7065.05517578125,7087.66015625,7096.5751953125,7107.14208984375,7118.43408203125,7130.0322265625,7140.2958984375,7163.3837890625,7180.865234375,7193.798828125,7205.4638671875,7225.02978515625,7251.2080078125,7266.3671875,7285.2578125,7307.94189453125]}