{"opi":[0.02857142873108387,0.02857142873108387,0.02857142873108387,0.02857142873108387,0.02857142873108387,0.02857142873108387,0.02857142873108387,0.02857142873108387,0.02857142873108387,0.02857142873108387,0.02857142873108387,0.02857142873108387,0.02857142873108387,0.02857142873108387,0.02857142873108387,0.02857142873108387,0.02857142873108387,0.02857142873108387,0.02857142873108387,0.02857142873108387,0.02857142873108387,0.02857142873108387,0.11428571492433548,0.11428571492433548,0.11428571492433548,0.11428571492433548,0.11428571492433548,0.1428571492433548,0.1428571492433548,0.1428571492433548,0.1428571492433548,0.1428571492433548,0.1428571492433548,0.1428571492433548],"ori_confidence":[0.024610329419374466,0.04922065883874893,0.0738309919834137,0.09844131767749786,0.12305164337158203,0.1476619690656662,0.17227229475975037,0.19688262045383453,0.2214929461479187,0.24610327184200287,0.27071359753608704,0.2953239381313324,0.31993427872657776,0.3445446193218231,0.3691549599170685,0.39376530051231384,0.4183756411075592,0.44298598170280457,0.4675963222980499,0.4922066628932953,0.5168169736862183,0.5414273142814636,0.5790908336639404,0.6167543530464172,0.654417872428894,0.6920813918113708,0.7297449111938477,0.7704513669013977,0.8111578226089478,0.8518642783164978,0.8925707340240479,0.9332771897315979,0.973983645439148,1.0146900415420532],"ori_distance":[0.013715805485844612,0.027431610971689224,0.041147418320178986,0.05486322194337845,0.06857902556657791,0.08229482918977737,0.09601063281297684,0.1097264364361763,0.12344224005937576,0.13715805113315582,0.15087385475635529,0.16458965837955475,0.1783054620027542,0.19202126562595367,0.20573706924915314,0.2194528728723526,0.23316867649555206,0.24688448011875153,0.2606002986431122,0.27431610226631165,0.2880319058895111,0.30174770951271057,0.33453232049942017,0.36731693148612976,0.40010154247283936,0.43288615345954895,0.46567076444625854,0.5003432035446167,0.5350155830383301,0.5696879625320435,0.6043603420257568,0.6390327215194702,0.6737051010131836,0.708377480506897],"ori_surface":[0.03040195442736149,0.06080390885472298,0.09120586514472961,0.12160781770944595,0.1520097702741623,0.18241173028945923,0.21281369030475616,0.2432156503200531,0.27361759543418884,0.3040195405483246,0.3344214856624603,0.36482343077659607,0.3952253758907318,0.42562732100486755,0.4560292661190033,0.48643121123313904,0.5168331861495972,0.5472351312637329,0.5776370763778687,0.6080390214920044,0.6384409666061401,0.6688429117202759,0.7226486802101135,0.7764544486999512,0.8302602171897888,0.8840659856796265,0.9378717541694641,0.9959729313850403,1.0540741682052612,1.1121753454208374,1.1702765226364136,1.2283776998519897,1.286478877067566,1.344580054283142],"time_s":[66.46204376220703,80.20635986328125,92.1023178100586,102.49771881103516,111.95691680908203,122.591064453125,131.77320861816406,142.11044311523438,152.17921447753906,175.161376953125,200.1139373779297,236.9978790283203,249.34617614746094,259.9157409667969,274.91802978515625,289.4098815917969,301.9675598144531,311.632080078125,324.3671875,337.5896301269531,348.1106872558594,358.9603271484375,368.9963073730469,385.6546936035156,411.9815368652344,424.7359313964844,438.0981750488281,453.39764404296875,480.5364685058594,506.16864013671875,528.5942993164063,578.5110473632813,611.6915893554688,639.429443359375],"timestep":[6842.375,6855.26611328125,6865.4677734375,6874.81689453125,6883.64599609375,6893.19287109375,6901.60205078125,6910.7080078125,6919.56982421875,6941.52587890625,6965.30810546875,7000.7080078125,7011.8251953125,7020.6982421875,7033.248046875,7041.97705078125,7053.43115234375,7061.77294921875,7071.3388671875,7083.5341796875,7093.39892578125,7103.1640625,7112.1259765625,7127.22705078125,7152.3349609375,7163.97412109375,7176.1279296875,7190.330078125,7216.0380859375,7240.44189453125,7261.630859375,7308.828125,7340.0810546875,7366.18798828125]}