{"opi":[0.11428571492433548,0.11428571492433548,0.11428571492433548,0.11428571492433548,0.11428571492433548,0.11428571492433548,0.11428571492433548,0.11428571492433548,0.11428571492433548,0.11428571492433548,0.11428571492433548,0.11428571492433548,0.11428571492433548,0.11428571492433548,0.11428571492433548,0.11428571492433548,0.11428571492433548,0.11428571492433548,0.11428571492433548,0.11428571492433548,0.17142857611179352,0.17142857611179352,0.17142857611179352,0.20000000298023224,0.20000000298023224,0.22857142984867096,0.22857142984867096,0.22857142984867096,0.22857142984867096,0.22857142984867096,0.22857142984867096,0.2571428716182709,0.2571428716182709,0.2571428716182709,0.2571428716182709],"ori_confidence":[0.020439766347408295,0.04087953269481659,0.061319299042224884,0.08175906538963318,0.10219883173704147,0.12263859808444977,0.14307835698127747,0.16351813077926636,0.18395790457725525,0.20439767837524414,0.22483745217323303,0.24527722597122192,0.2657169997692108,0.2861567735671997,0.3065965473651886,0.3270363211631775,0.3474760949611664,0.3679158687591553,0.38835564255714417,0.40879541635513306,0.4345785975456238,0.4603617787361145,0.4861449599266052,0.515110194683075,0.5440754294395447,0.5772655606269836,0.6104556918144226,0.6436458230018616,0.6768359541893005,0.7100260853767395,0.7432162165641785,0.7771555781364441,0.8110949397087097,0.8450343012809753,0.878973662853241],"ori_distance":[0.03796081990003586,0.07592163980007172,0.11388245970010757,0.15184327960014343,0.1898041069507599,0.22776493430137634,0.2657257616519928,0.30368658900260925,0.3416474163532257,0.37960824370384216,0.4175690710544586,0.4555298984050751,0.49349072575569153,0.5314515233039856,0.569412350654602,0.6073731780052185,0.645334005355835,0.6832948327064514,0.7212556600570679,0.7592164874076843,0.8018659949302673,0.8445155024528503,0.8871650099754333,0.935533881187439,0.9839027523994446,1.0355591773986816,1.087215542793274,1.1388719081878662,1.1905282735824585,1.2421846389770508,1.293841004371643,1.3463575839996338,1.3988741636276245,1.4513907432556152,1.503907322883606],"ori_surface":[0.033399853855371475,0.06679970771074295,0.10019956529140472,0.1335994154214859,0.16699926555156708,0.20039911568164825,0.23379896581172943,0.2671988308429718,0.300598680973053,0.33399853110313416,0.36739838123321533,0.4007982313632965,0.4341980814933777,0.46759793162345886,0.50099778175354,0.5343976616859436,0.5677975416183472,0.6011974215507507,0.6345973014831543,0.6679971814155579,0.710770845413208,0.7535445094108582,0.7963181734085083,0.8429118394851685,0.8895055055618286,0.9411908984184265,0.9928762912750244,1.044561505317688,1.0962467193603516,1.1479319334030151,1.1996171474456787,1.2524555921554565,1.3052940368652344,1.3581324815750122,1.41097092628479],"time_s":[652.2158813476563,676.4388427734375,696.90380859375,710.34423828125,723.8265991210938,737.6375732421875,750.0653686523438,760.3568115234375,773.8412475585938,792.1883544921875,805.9381103515625,818.386962890625,827.927734375,859.099365234375,874.470947265625,886.8738403320313,898.9698486328125,910.3955078125,919.9730834960938,931.9103393554688,942.1640625,952.6806640625,971.26806640625,985.53662109375,1003.264892578125,1030.3499755859375,1059.3887939453125,1079.82763671875,1097.9254150390625,1141.12744140625,1157.2498779296875,1186.0357666015625,1213.77978515625,1237.5374755859375,1252.1114501953125],"timestep":[7314.81298828125,7337.7060546875,7356.02880859375,7368.10400390625,7380.67919921875,7392.98486328125,7403.8681640625,7412.94384765625,7424.80615234375,7441.68896484375,7454.6982421875,7465.7109375,7474.3408203125,7503.7138671875,7517.52587890625,7528.97607421875,7539.98291015625,7549.96923828125,7558.7978515625,7569.59619140625,7578.798828125,7588.1708984375,7605.326171875,7618.2138671875,7634.38916015625,7659.77294921875,7687.669921875,7706.9541015625,7724.1982421875,7765.77783203125,7780.8291015625,7807.740234375,7833.69677734375,7856.41796875,7869.841796875]}