{"opi":[0.04878048598766327,0.04878048598766327],"ori_confidence":[0.021517762914299965,0.04303552582859993],"ori_distance":[0.032482922077178955,0.06496584415435791],"ori_surface":[0.027496131137013435,0.05499226227402687],"time_s":[452.1982116699219,506.9579772949219],"timestep":[328.6180114746094,342.3340148925781]}