{"opi":[0.024390242993831635,0.04878048598766327,0.0731707289814949,0.09756097197532654,0.09756097197532654,0.09756097197532654,0.09756097197532654,0.09756097197532654,0.09756097197532654,0.09756097197532654,0.09756097197532654,0.09756097197532654,0.09756097197532654,0.09756097197532654,0.09756097197532654,0.09756097197532654,0.09756097197532654,0.09756097197532654,0.09756097197532654,0.09756097197532654,0.09756097197532654,0.09756097197532654,0.09756097197532654,0.09756097197532654,0.09756097197532654,0.09756097197532654,0.09756097197532654,0.09756097197532654,0.09756097197532654,0.09756097197532654,0.09756097197532654,0.09756097197532654,0.09756097197532654,0.09756097197532654],"ori_confidence":[0.008356282487511635,0.02516411617398262,0.050449445843696594,0.08428142219781876,0.11811340600252151,0.15194539725780487,0.18577738106250763,0.2196093648672104,0.25344133377075195,0.2872732877731323,0.3211052417755127,0.35493719577789307,0.38876914978027344,0.4226011037826538,0.4564330577850342,0.49026501178741455,0.5240969061851501,0.5579288601875305,0.5917608141899109,0.6255927681922913,0.6594247221946716,0.693256676197052,0.7270886301994324,0.7609205842018127,0.7947525382041931,0.8285844922065735,0.8624164462089539,0.8962484002113342,0.9300803542137146,0.963912308216095,0.9977442622184753,1.0315760374069214,1.0654078722000122,1.099239706993103],"ori_distance":[0.010294678620994091,0.030904026702046394,0.06186211481690407,0.10320355743169785,0.14454501867294312,0.1858864724636078,0.22722792625427246,0.26856938004493713,0.3099108040332794,0.3512522280216217,0.392593652009964,0.4339350759983063,0.47527649998664856,0.5166178941726685,0.5579594373703003,0.5993009805679321,0.640642523765564,0.6819840669631958,0.7233256101608276,0.7646671533584595,0.8060086965560913,0.8473502397537231,0.888691782951355,0.9300333261489868,0.9713748693466187,1.0127164125442505,1.0540579557418823,1.0953994989395142,1.136741042137146,1.1780825853347778,1.2194241285324097,1.2607656717300415,1.3021072149276733,1.3434487581253052],"ori_surface":[0.009263328276574612,0.027806436643004417,0.05565972998738289,0.09285413473844528,0.13004852831363678,0.16724295914173126,0.20443738996982574,0.24163182079792023,0.2788262367248535,0.316020667552948,0.3532150983810425,0.39040952920913696,0.42760396003723145,0.46479839086532593,0.5019928216934204,0.5391870737075806,0.5763813257217407,0.6135755777359009,0.650769829750061,0.6879640817642212,0.7251583337783813,0.7623525857925415,0.7995468378067017,0.8367410898208618,0.873935341835022,0.9111295938491821,0.9483238458633423,0.9855180978775024,1.0227123498916626,1.0599066019058228,1.097100853919983,1.134295105934143,1.1714893579483032,1.2086836099624634],"time_s":[716.8259887695313,743.0755615234375,772.9075927734375,791.0250244140625,815.6708374023438,835.3333129882813,861.0812377929688,884.311279296875,910.1907348632813,929.5833129882813,949.7120361328125,969.7130126953125,989.0567016601563,1012.2127075195313,1032.52490234375,1057.2235107421875,1082.547119140625,1107.99951171875,1134.31396484375,1151.8563232421875,1170.9599609375,1186.82861328125,1202.5789794921875,1228.0030517578125,1249.76123046875,1276.3299560546875,1301.3189697265625,1319.2724609375,1336.0986328125,1353.941162109375,1370.9940185546875,1396.395751953125,1416.4395751953125,1443.0201416015625],"timestep":[475.89300537109375,487.17498779296875,500.5119934082031,507.2460021972656,517.4819946289063,524.9400024414063,536.197998046875,546.093994140625,557.0139770507813,563.5969848632813,571.18701171875,578.9910278320313,586.6920166015625,596.02001953125,604.10400390625,614.3790283203125,625.0440063476563,635.5919799804688,646.531005859375,653.02099609375,659.9940185546875,665.8090209960938,671.7739868164063,682.4219970703125,691.4660034179688,703.0819702148438,713.8480224609375,720.6859741210938,727.291015625,733.7949829101563,739.8720092773438,750.6220092773438,758.6959838867188,769.6820068359375]}