{"opi":[0.024390242993831635,0.04878048598766327,0.0731707289814949,0.09756097197532654,0.12195122241973877,0.1463414579629898,0.17073170840740204,0.19512194395065308,0.2195121943950653,0.24390244483947754,0.24390244483947754,0.24390244483947754,0.24390244483947754,0.24390244483947754,0.24390244483947754,0.24390244483947754,0.24390244483947754,0.24390244483947754,0.24390244483947754,0.24390244483947754,0.24390244483947754,0.24390244483947754,0.24390244483947754,0.24390244483947754,0.24390244483947754,0.24390244483947754,0.24390244483947754,0.24390244483947754,0.24390244483947754,0.24390244483947754,0.24390244483947754,0.24390244483947754,0.24390244483947754,0.24390244483947754],"ori_confidence":[0.047977693378925323,0.14314286410808563,0.2830143868923187,0.46778765320777893,0.6988244652748108,0.9750458598136902,1.297462821006775,1.6663920879364014,2.0794384479522705,2.5370097160339355,2.9945809841156006,3.4521522521972656,3.9097235202789307,4.36729621887207,4.824868202209473,5.282440185546875,5.740012168884277,6.19758415222168,6.655156135559082,7.112728118896484,7.570300102233887,8.027873039245605,8.485442161560059,8.943011283874512,9.400580406188965,9.858149528503418,10.315718650817871,10.773287773132324,11.230856895446777,11.68842601776123,12.145995140075684,12.603564262390137,13.06113338470459,13.518702507019043],"ori_distance":[0.05534174293279648,0.1654529571533203,0.32991117238998413,0.548401951789856,0.8208755850791931,1.1476143598556519,1.5292776823043823,1.965590476989746,2.455989360809326,3.0005807876586914,3.5451722145080566,4.08976411819458,4.634355545043945,5.1789469718933105,5.723538398742676,6.268129825592041,6.812721252441406,7.3573126792907715,7.901904106140137,8.446494102478027,8.991081237792969,9.53566837310791,10.080255508422852,10.624842643737793,11.169429779052734,11.714016914367676,12.258604049682617,12.803191184997559,13.3477783203125,13.892365455627441,14.436952590942383,14.981539726257324,15.526126861572266,16.070714950561523],"ori_surface":[0.07660499215126038,0.2290220558643341,0.4566608667373657,0.7590838670730591,1.1362191438674927,1.588455319404602,2.11670184135437,2.7205758094787598,3.3992919921875,4.1529951095581055,4.9066972732543945,5.660399436950684,6.414101600646973,7.167803764343262,7.921505928039551,8.675204277038574,9.428900718688965,10.182597160339355,10.936293601989746,11.689990043640137,12.443686485290527,13.197382926940918,13.951079368591309,14.7047758102417,15.45847225189209,16.212177276611328,16.965885162353516,17.719593048095703,18.47330093383789,19.227008819580078,19.980716705322266,20.734424591064453,21.48813247680664,22.241840362548828],"time_s":[90.63500213623047,111.00304412841797,132.77481079101563,159.37265014648438,180.69216918945313,198.1050262451172,214.9608154296875,231.87741088867188,255.306884765625,283.10888671875,304.6911926269531,328.7682189941406,354.7747802734375,378.5899658203125,398.26617431640625,415.8491516113281,437.2903747558594,460.52862548828125,627.843017578125,682.9541015625,705.4462890625,729.02490234375,751.6875,774.5225219726563,797.586669921875,820.2832641601563,843.0767822265625,866.7113647460938,889.5955810546875,912.6334838867188,936.9795532226563,960.5618896484375,982.8869018554688,1007.2315063476563],"timestep":[213.42599487304688,223.5919952392578,234.9040069580078,246.19400024414063,256.0830078125,267.0480041503906,277.40399169921875,288.1409912109375,299.3529968261719,310.6050109863281,319.8030090332031,329.95599365234375,340.9670104980469,351.1260070800781,358.9620056152344,365.89898681640625,375.3789978027344,385.59100341796875,474.82000732421875,501.97100830078125,512.3660278320313,523.1929931640625,533.677001953125,544.1950073242188,554.7650146484375,565.2520141601563,575.7030029296875,586.510986328125,597.10302734375,607.7249755859375,618.5670166015625,629.458984375,639.5599975585938,651.0830078125]}