{"opi":[0.024390242993831635,0.04878048598766327,0.04878048598766327,0.04878048598766327,0.04878048598766327,0.04878048598766327,0.04878048598766327,0.04878048598766327,0.04878048598766327,0.04878048598766327,0.04878048598766327,0.04878048598766327,0.04878048598766327,0.04878048598766327,0.04878048598766327,0.04878048598766327,0.04878048598766327,0.04878048598766327,0.04878048598766327,0.04878048598766327,0.04878048598766327,0.04878048598766327,0.04878048598766327,0.04878048598766327,0.04878048598766327,0.04878048598766327,0.04878048598766327,0.04878048598766327,0.04878048598766327,0.04878048598766327,0.04878048598766327],"ori_confidence":[0.1306324005126953,0.38694268465042114,0.6432528495788574,0.8995629549026489,1.1558732986450195,1.4121837615966797,1.6684942245483398,1.9248046875,2.181114673614502,2.437424421310425,2.6937341690063477,2.9500439167022705,3.2063536643981934,3.462663412094116,3.718973159790039,3.975282907485962,4.231593132019043,4.487903594970703,4.744214057922363,5.000524520874023,5.256834983825684,5.513145446777344,5.769455909729004,6.025766372680664,6.282076835632324,6.538387298583984,6.7946977615356445,7.051008224487305,7.307318687438965,7.563629150390625,7.819939613342285],"ori_distance":[0.15945330262184143,0.47921329736709595,0.7989733219146729,1.1187334060668945,1.4384934902191162,1.758253574371338,2.0780136585235596,2.3977737426757813,2.717533826828003,3.0372939109802246,3.3570539951324463,3.676814079284668,3.9965741634368896,4.316333293914795,4.636092662811279,4.955852031707764,5.275611400604248,5.595370769500732,5.915130138397217,6.234889507293701,6.5546488761901855,6.87440824508667,7.194167613983154,7.513926982879639,7.833686351776123,8.153446197509766,8.47320556640625,8.792964935302734,9.112724304199219,9.432483673095703,9.752243041992188],"ori_surface":[0.1965988576412201,0.5908395051956177,0.9850800633430481,1.379320502281189,1.773560881614685,2.1678013801574707,2.562041759490967,2.956282138824463,3.350522518157959,3.744762897491455,4.139003753662109,4.53324556350708,4.927487373352051,5.3217291831970215,5.715970993041992,6.110212802886963,6.504454612731934,6.898696422576904,7.292938232421875,7.687180042266846,8.081421852111816,8.475662231445313,8.869902610778809,9.264142990112305,9.6583833694458,10.052623748779297,10.446864128112793,10.841104507446289,11.235344886779785,11.629585266113281,12.023825645446777],"time_s":[84.4078140258789,96.78900909423828,114.626708984375,126.73506164550781,142.3643798828125,154.74676513671875,165.85365295410156,177.58453369140625,197.0408172607422,210.7064666748047,224.76251220703125,236.97952270507813,249.81015014648438,262.0897521972656,279.1330871582031,292.119384765625,309.3160400390625,327.5802917480469,341.5072326660156,361.58209228515625,375.2900390625,394.08587646484375,418.9393310546875,432.6076354980469,446.5448303222656,460.87060546875,475.3707580566406,495.0024719238281,509.9540710449219,527.97900390625,540.8377685546875],"timestep":[228.99400329589844,234.54200744628906,243.62399291992188,249.0679931640625,257.2900085449219,263.52301025390625,269.0820007324219,274.77099609375,285.61199951171875,292.4339904785156,299.5069885253906,305.2200012207031,311.57501220703125,317.614013671875,326.96099853515625,333.99798583984375,342.5830078125,352.4020080566406,359.4849853515625,370.51800537109375,376.3559875488281,387.2080078125,402.6889953613281,409.3219909667969,416.45001220703125,422.9360046386719,430.4330139160156,440.8999938964844,449.2510070800781,459.5199890136719,466.5169982910156]}