{"opi":[0.17142857611179352,0.17142857611179352,0.17142857611179352,0.17142857611179352,0.17142857611179352,0.17142857611179352,0.17142857611179352,0.17142857611179352,0.17142857611179352,0.17142857611179352,0.17142857611179352,0.17142857611179352,0.17142857611179352,0.17142857611179352,0.17142857611179352,0.17142857611179352,0.17142857611179352,0.17142857611179352,0.17142857611179352,0.17142857611179352,0.17142857611179352,0.22857142984867096,0.22857142984867096,0.22857142984867096,0.22857142984867096,0.22857142984867096,0.22857142984867096,0.22857142984867096,0.2571428716182709,0.2571428716182709],"ori_confidence":[0.016943132504820824,0.03388626500964165,0.05082939565181732,0.0677725300192833,0.08471566438674927,0.10165879875421524,0.11860193312168121,0.1355450600385666,0.15248818695545197,0.16943131387233734,0.18637444078922272,0.2033175677061081,0.22026069462299347,0.23720382153987885,0.2541469633579254,0.2710900902748108,0.28803321719169617,0.30497634410858154,0.3219194710254669,0.3388625979423523,0.35580572485923767,0.3757658302783966,0.39572593569755554,0.4156860411167145,0.4356461465358734,0.45560625195503235,0.4755663573741913,0.4955264627933502,0.5232470631599426,0.5509676933288574],"ori_distance":[0.028048645704984665,0.05609729140996933,0.0841459333896637,0.11219458281993866,0.14024323225021362,0.1682918816804886,0.19634053111076355,0.2243891805410385,0.2524378299713135,0.28048646450042725,0.308535099029541,0.3365837335586548,0.36463236808776855,0.3926810026168823,0.4207296371459961,0.44877827167510986,0.47682690620422363,0.5048755407333374,0.5329241752624512,0.5609728097915649,0.5890214443206787,0.6215904355049133,0.654159426689148,0.6867284178733826,0.7192974090576172,0.7518664002418518,0.7844353914260864,0.817004382610321,0.8614077568054199,0.9058111310005188],"ori_surface":[0.02308771200478077,0.04617542400956154,0.06926313787698746,0.09235084801912308,0.1154385581612587,0.13852627575397491,0.16161398589611053,0.18470169603824615,0.20778940618038177,0.2308771163225174,0.2539648413658142,0.27705255150794983,0.30014026165008545,0.32322797179222107,0.3463156819343567,0.3694033920764923,0.39249110221862793,0.41557881236076355,0.43866652250289917,0.4617542326450348,0.4848419427871704,0.5128993988037109,0.5409568548202515,0.569014310836792,0.5970717668533325,0.625129222869873,0.6531866788864136,0.6812441349029541,0.7229074239730835,0.7645707130432129],"time_s":[1117.79736328125,1179.497314453125,1270.2591552734375,1312.1771240234375,1351.9774169921875,1392.6549072265625,1435.5916748046875,1474.52587890625,1515.64111328125,1559.237060546875,1597.9290771484375,1686.71728515625,1726.3792724609375,1768.685791015625,1809.4971923828125,1850.8433837890625,1893.1231689453125,1928.958251953125,1965.0284423828125,2001.9849853515625,2038.0670166015625,2074.109130859375,2110.713134765625,2149.01171875,2186.865478515625,2224.734375,2262.717041015625,2330.76904296875,2381.871826171875,2440.272216796875],"timestep":[7018.77197265625,7035.7890625,7060.26123046875,7070.134765625,7079.16015625,7087.7509765625,7097.076171875,7105.68798828125,7114.923828125,7118.89404296875,7121.72998046875,7138.22998046875,7146.87109375,7156.296875,7165.451171875,7174.76220703125,7185.3681640625,7194.43212890625,7203.4140625,7212.787109375,7221.02197265625,7229.69189453125,7238.06982421875,7247.048828125,7256.001953125,7264.73291015625,7274.30517578125,7294.05322265625,7307.69677734375,7323.16796875]}