{"opi":[0.09090909361839294,0.09090909361839294,0.09090909361839294,0.09090909361839294,0.09090909361839294,0.09090909361839294,0.09090909361839294,0.09090909361839294,0.09090909361839294,0.09090909361839294,0.09090909361839294,0.09090909361839294,0.09090909361839294,0.09090909361839294,0.09090909361839294,0.09090909361839294],"ori_confidence":[0.005848843604326248,0.011697687208652496,0.017546530812978745,0.023395374417304993,0.02924421802163124,0.03509306162595749,0.04094190150499344,0.04679074138402939,0.05263958126306534,0.05848842114210129,0.06433726102113724,0.07018610090017319,0.07603494077920914,0.08188378065824509,0.08773262053728104,0.09358146041631699],"ori_distance":[0.004146333783864975,0.00829266756772995,0.012439001351594925,0.0165853351354599,0.020731668919324875,0.02487800270318985,0.029024336487054825,0.0331706702709198,0.03731700778007507,0.04146334528923035,0.04560968279838562,0.049756020307540894,0.05390235781669617,0.05804869532585144,0.062195032835006714,0.06634137034416199],"ori_surface":[0.009729821234941483,0.019459642469882965,0.029189463704824448,0.03891928493976593,0.048649102449417114,0.0583789199590683,0.06810873746871948,0.07783855497837067,0.08756837248802185,0.09729818999767303,0.10702800750732422,0.1167578250169754,0.1264876425266266,0.13621747493743896,0.14594730734825134,0.15567713975906372],"time_s":[223.58468627929688,263.5037536621094,302.22564697265625,340.5379943847656,380.1308288574219,418.61114501953125,457.4095153808594,518.7113037109375,583.2216796875,647.6783447265625,711.683349609375,778.5264892578125,839.4512939453125,901.2796630859375,969.3421630859375,1033.1212158203125],"timestep":[1769.10205078125,1782.6729736328125,1796.4139404296875,1810.489013671875,1824.446044921875,1838.428955078125,1852.125,1879.9940185546875,1907.970947265625,1936.9849853515625,1966.010009765625,1995.89501953125,2022.6650390625,2048.8720703125,2075.4609375,2102.846923828125]}