{"opi":[0.024390242993831635,0.024390242993831635,0.024390242993831635,0.0731707289814949,0.0731707289814949,0.0731707289814949,0.0731707289814949,0.0731707289814949,0.0731707289814949,0.0731707289814949,0.0731707289814949,0.0731707289814949,0.0731707289814949,0.0731707289814949,0.0731707289814949,0.0731707289814949,0.0731707289814949,0.19512194395065308,0.2195121943950653,0.24390244483947754,0.26829269528388977,0.2926829159259796,0.2926829159259796,0.31707316637039185,0.3414634168148041,0.3414634168148041,0.3414634168148041,0.3658536672592163,0.39024388790130615,0.4146341383457184],"ori_confidence":[0.061024557799100876,0.12204910814762115,0.18307366967201233,0.26042816042900085,0.3377826511859894,0.4151371419429779,0.49249163269996643,0.5698462724685669,0.6472010016441345,0.7245557308197021,0.8019104599952698,0.8792651891708374,0.956619918346405,1.0339746475219727,1.111329197883606,1.1886837482452393,1.2660382986068726,1.3468091487884521,1.430977702140808,1.5218843221664429,1.6748839616775513,1.8593031167984009,2.0437216758728027,2.2579712867736816,2.504202127456665,2.7504329681396484,2.996663808822632,3.248090982437134,3.5047202110290527,3.7853755950927734],"ori_distance":[0.025132015347480774,0.05026403069496155,0.07539605349302292,0.12402945756912231,0.1726628541946411,0.2212962508201599,0.2699296474456787,0.3185630738735199,0.3671965003013611,0.41582992672920227,0.46446335315704346,0.513096809387207,0.5617303252220154,0.6103638410568237,0.6589973568916321,0.7076308727264404,0.7562643885612488,0.8073506355285645,0.860879123210907,0.9186835885047913,1.0263662338256836,1.1585315465927124,1.2906968593597412,1.466261386871338,1.6874313354492188,1.9086012840270996,2.1297712326049805,2.3564019203186035,2.588608741760254,2.859835624694824],"ori_surface":[0.07728537917137146,0.15457075834274292,0.23185615241527557,0.329224556684494,0.4265929162502289,0.5239613056182861,0.6213295459747314,0.7186977863311768,0.8160660266876221,0.9134342670440674,1.0108023881912231,1.1081708669662476,1.205539345741272,1.3029078245162964,1.4002763032913208,1.4976447820663452,1.5950132608413696,1.6960476636886597,1.8007326126098633,1.9127464294433594,2.1178276538848877,2.3731863498687744,2.628545045852661,2.9335010051727295,3.2905704975128174,3.6476399898529053,4.0047101974487305,4.368125915527344,4.7380218505859375,5.146451473236084],"time_s":[367.4610290527344,413.50146484375,477.9537353515625,516.6279296875,558.58642578125,601.0142211914063,639.8658447265625,677.5792846679688,719.9857788085938,794.7410888671875,842.6000366210938,883.8551635742188,936.4861450195313,1000.5004272460938,1059.12353515625,1104.6982421875,1152.215576171875,1229.44970703125,1281.9949951171875,1330.119384765625,1373.3076171875,1431.3907470703125,1476.456787109375,1550.0347900390625,1609.6485595703125,1657.908935546875,1708.1138916015625,1785.1466064453125,1846.09423828125,1933.9156494140625],"timestep":[293.6199951171875,305.37298583984375,322.6730041503906,332.10400390625,341.90399169921875,352.30999755859375,361.9070129394531,370.9339904785156,380.7510070800781,404.3280029296875,416.75201416015625,426.8529968261719,442.02899169921875,461.4100036621094,476.2200012207031,487.0580139160156,499.72601318359375,524.8380126953125,540.1929931640625,554.239013671875,565.8090209960938,582.760986328125,593.9450073242188,618.4940185546875,635.2000122070313,646.864990234375,659.041015625,683.6209716796875,699.3670043945313,724.10498046875]}