{"opi":[0.02857142873108387,0.02857142873108387,0.02857142873108387,0.02857142873108387,0.02857142873108387,0.02857142873108387,0.02857142873108387,0.02857142873108387,0.02857142873108387,0.02857142873108387,0.02857142873108387,0.02857142873108387,0.02857142873108387,0.02857142873108387,0.02857142873108387,0.02857142873108387,0.02857142873108387,0.02857142873108387,0.02857142873108387,0.02857142873108387,0.02857142873108387,0.02857142873108387,0.02857142873108387,0.02857142873108387,0.02857142873108387,0.02857142873108387,0.02857142873108387,0.02857142873108387,0.02857142873108387,0.02857142873108387,0.02857142873108387],"ori_confidence":[0.010360032320022583,0.020720064640045166,0.03108009696006775,0.04144012928009033,0.051800161600112915,0.0621601939201355,0.07252022624015808,0.08288025856018066,0.09324029088020325,0.10360032320022583,0.11396035552024841,0.124320387840271,0.13468042016029358,0.14504045248031616,0.15540048480033875,0.16576051712036133,0.1761205494403839,0.1864805817604065,0.19684061408042908,0.20720064640045166,0.21756067872047424,0.22792071104049683,0.2382807433605194,0.248640775680542,0.2590008080005646,0.26936084032058716,0.27972087264060974,0.2900809049606323,0.3004409372806549,0.3108009696006775,0.3211610019207001],"ori_distance":[0.007544256746768951,0.015088513493537903,0.022632770240306854,0.030177026987075806,0.03772128373384476,0.04526554048061371,0.05280979722738266,0.06035405397415161,0.06789831072092056,0.07544256746768951,0.08298682421445847,0.09053108096122742,0.09807533770799637,0.10561959445476532,0.11316385120153427,0.12070810794830322,0.12825235724449158,0.13579660654067993,0.14334085583686829,0.15088510513305664,0.158429354429245,0.16597360372543335,0.1735178530216217,0.18106210231781006,0.1886063516139984,0.19615060091018677,0.20369485020637512,0.21123909950256348,0.21878334879875183,0.22632759809494019,0.23387184739112854],"ori_surface":[0.016815029084682465,0.03363005816936493,0.050445087254047394,0.06726011633872986,0.08407514542341232,0.10089017450809479,0.11770520359277725,0.13452023267745972,0.15133526921272278,0.16815030574798584,0.1849653422832489,0.20178037881851196,0.21859541535377502,0.23541045188903809,0.25222548842430115,0.2690405249595642,0.28585556149482727,0.30267059803009033,0.3194856345653534,0.33630067110061646,0.3531157076358795,0.3699307441711426,0.38674578070640564,0.4035608172416687,0.42037585377693176,0.4371908903121948,0.4540059268474579,0.47082096338272095,0.487635999917984,0.5044510364532471,0.5212660431861877],"time_s":[392.4312744140625,429.6125793457031,462.4649658203125,486.0164489746094,511.8047180175781,547.8211059570313,587.055908203125,610.8147583007813,633.4910888671875,654.8687744140625,678.398193359375,704.3970336914063,743.7570190429688,763.0667724609375,792.8674926757813,816.2517700195313,836.8505249023438,860.9411010742188,883.3512573242188,925.259033203125,971.303955078125,1013.8873291015625,1059.1956787109375,1088.1849365234375,1138.6591796875,1249.1341552734375,1279.2744140625,1316.264404296875,1339.8880615234375,1372.724365234375,1431.1932373046875],"timestep":[6814.52001953125,6821.22705078125,6827.18408203125,6831.3369140625,6835.59912109375,6841.5771484375,6848.40283203125,6852.2998046875,6855.97119140625,6859.39794921875,6863.2568359375,6867.7138671875,6873.5068359375,6876.68896484375,6881.87890625,6885.9208984375,6889.30322265625,6893.36083984375,6896.39697265625,6903.8427734375,6912.47900390625,6920.5009765625,6929.05615234375,6933.873046875,6942.5078125,6963.94287109375,6968.7861328125,6974.64794921875,6978.087890625,6983.17578125,6993.90380859375]}