{"opi":[0.02857142873108387,0.02857142873108387,0.02857142873108387,0.02857142873108387,0.02857142873108387,0.02857142873108387,0.02857142873108387,0.02857142873108387,0.02857142873108387,0.02857142873108387,0.02857142873108387,0.02857142873108387,0.02857142873108387,0.02857142873108387,0.02857142873108387,0.02857142873108387,0.02857142873108387,0.02857142873108387,0.02857142873108387],"ori_confidence":[0.02378452941775322,0.04756905883550644,0.07135358452796936,0.09513811767101288,0.1189226508140564,0.14270718395709991,0.16649171710014343,0.19027625024318695,0.21406078338623047,0.237845316529274,0.2616298496723175,0.28541436791419983,0.30919888615608215,0.3329834043979645,0.3567679226398468,0.3805524408817291,0.40433695912361145,0.4281214773654938,0.4519059956073761],"ori_distance":[0.03669171407818794,0.07338342815637589,0.11007514595985413,0.14676685631275177,0.18345856666564941,0.22015027701854706,0.2568419873714447,0.29353371262550354,0.3302254378795624,0.3669171631336212,0.40360888838768005,0.4403006136417389,0.47699233889579773,0.5136840343475342,0.550375759601593,0.5870674848556519,0.6237592101097107,0.6604509353637695,0.6971426606178284],"ori_surface":[0.03075907751917839,0.06151815503835678,0.09227722883224487,0.12303631007671356,0.15379539132118225,0.18455447256565094,0.21531355381011963,0.24607263505458832,0.276831716299057,0.3075907826423645,0.338349848985672,0.3691089153289795,0.399867981672287,0.4306270480155945,0.461386114358902,0.4921451807022095,0.5229042768478394,0.5536633729934692,0.5844224691390991],"timestep":[6826.544921875,6833.958984375,6840.8671875,6847.98095703125,6855.6767578125,6862.990234375,6883.56005859375,6907.88623046875,6915.88720703125,6923.35986328125,6931.93115234375,6948.60888671875,6970.56103515625,6989.19384765625,7001.298828125,7029.63818359375,7037.3271484375,7046.30322265625,7062.84716796875],"timestep_s":[19.676958084106445,29.938743591308594,39.57384490966797,49.629066467285156,60.27022171020508,70.51005554199219,92.52169799804688,118.22480010986328,129.19155883789063,139.8059844970703,151.46017456054688,172.6408233642578,200.43714904785156,224.17257690429688,240.26092529296875,275.1046447753906,285.9068298339844,298.4673156738281,319.6400451660156]}