{"opi":[0.02857142873108387,0.02857142873108387,0.05714285746216774,0.05714285746216774,0.05714285746216774,0.05714285746216774,0.05714285746216774,0.05714285746216774,0.05714285746216774,0.05714285746216774,0.05714285746216774,0.05714285746216774,0.05714285746216774,0.05714285746216774,0.05714285746216774,0.05714285746216774,0.05714285746216774,0.05714285746216774,0.05714285746216774,0.05714285746216774,0.05714285746216774,0.05714285746216774,0.05714285746216774,0.05714285746216774,0.05714285746216774,0.05714285746216774,0.05714285746216774,0.05714285746216774,0.05714285746216774,0.05714285746216774,0.05714285746216774,0.17142857611179352],"ori_confidence":[0.058784522116184235,0.11756904423236847,0.18799640238285065,0.25842374563217163,0.3288510739803314,0.3992784023284912,0.469705730676651,0.5401330590248108,0.610560417175293,0.6809877753257751,0.7514151334762573,0.8218424916267395,0.8922698497772217,0.9626972079277039,1.0331246852874756,1.1035521030426025,1.1739795207977295,1.2444069385528564,1.3148343563079834,1.3852617740631104,1.4556891918182373,1.5261166095733643,1.5965440273284912,1.6669714450836182,1.7373988628387451,1.807826280593872,1.878253698348999,1.948681116104126,2.019108295440674,2.0895354747772217,2.1599626541137695,2.23371958732605],"ori_distance":[0.0819188803434372,0.1638377606868744,0.2604202628135681,0.35700276494026184,0.4535852372646332,0.5501677393913269,0.646750271320343,0.7433328032493591,0.8399153351783752,0.9364978671073914,1.0330804586410522,1.1296629905700684,1.2262455224990845,1.3228280544281006,1.4194105863571167,1.5159931182861328,1.612575650215149,1.709158182144165,1.8057407140731812,1.9023232460021973,1.9989057779312134,2.0954880714416504,2.192070484161377,2.2886528968811035,2.38523530960083,2.4818177223205566,2.578400135040283,2.6749825477600098,2.7715649604797363,2.868147373199463,2.9647297859191895,3.070087194442749],"ori_surface":[0.09394826740026474,0.18789653480052948,0.3027750849723816,0.4176536500453949,0.532532274723053,0.6474108695983887,0.7622894644737244,0.8771680593490601,0.9920466542243958,1.1069252490997314,1.2218037843704224,1.3366823196411133,1.4515608549118042,1.5664393901824951,1.681317925453186,1.796196460723877,1.9110749959945679,2.025953531265259,2.1408321857452393,2.2557108402252197,2.3705894947052,2.4854681491851807,2.600346803665161,2.7152254581451416,2.830104112625122,2.9449827671051025,3.059861421585083,3.1747400760650635,3.289618730545044,3.4044973850250244,3.519376039505005,3.6397809982299805],"time_s":[46.96044158935547,60.36219787597656,70.75591278076172,81.2737808227539,91.02698516845703,100.63196563720703,128.45460510253906,152.75494384765625,162.9360809326172,173.7830810546875,185.47186279296875,196.1114959716797,207.2435302734375,218.54693603515625,230.05523681640625,244.5279541015625,256.5245056152344,268.958251953125,280.0007629394531,291.20855712890625,302.5943298339844,314.062255859375,326.2220153808594,338.7200012207031,349.9039611816406,361.17724609375,373.5102844238281,386.17864990234375,401.4524841308594,450.54559326171875,469.91107177734375,488.20355224609375],"timestep":[6813.884765625,6823.51806640625,6830.77587890625,6837.97998046875,6844.62109375,6851.23291015625,6873.10498046875,6892.22021484375,6899.40087890625,6907.1162109375,6915.63623046875,6923.123046875,6930.85986328125,6939.18310546875,6947.5,6958.4208984375,6967.09619140625,6976.09423828125,6983.869140625,6991.6650390625,6999.748046875,7007.55517578125,7016.14697265625,7024.826171875,7032.43115234375,7040.22802734375,7048.98876953125,7057.97412109375,7069.47705078125,7110.30908203125,7124.97509765625,7138.68017578125]}