{"opi":[0.02857142873108387,0.05714285746216774,0.05714285746216774,0.05714285746216774,0.05714285746216774,0.05714285746216774,0.05714285746216774,0.05714285746216774,0.05714285746216774,0.05714285746216774,0.05714285746216774,0.05714285746216774,0.05714285746216774,0.08571428805589676,0.08571428805589676,0.08571428805589676,0.08571428805589676,0.08571428805589676,0.11428571492433548,0.1428571492433548,0.1428571492433548,0.1428571492433548,0.1428571492433548,0.1428571492433548,0.17142857611179352,0.17142857611179352,0.17142857611179352,0.17142857611179352,0.17142857611179352,0.17142857611179352,0.17142857611179352,0.17142857611179352,0.17142857611179352,0.17142857611179352,0.17142857611179352,0.17142857611179352,0.17142857611179352,0.17142857611179352,0.17142857611179352],"ori_confidence":[0.02522597834467888,0.11112981289625168,0.19703364372253418,0.2829374670982361,0.368841290473938,0.4547451138496399,0.5406489372253418,0.6265528202056885,0.7124567031860352,0.7983605861663818,0.8842644691467285,0.9701683521270752,1.0560722351074219,1.1502970457077026,1.2445218563079834,1.3387466669082642,1.432971477508545,1.5271962881088257,1.6268048286437988,1.7285425662994385,1.8302803039550781,1.9320180416107178,2.0337557792663574,2.135493278503418,2.246856927871704,2.3582205772399902,2.4695842266082764,2.5809478759765625,2.6923115253448486,2.8036751747131348,2.915038824081421,3.026402473449707,3.137766122817993,3.2491297721862793,3.3604934215545654,3.4718570709228516,3.5832207202911377,3.694584369659424,3.80594801902771],"ori_distance":[0.03304409235715866,0.1388777494430542,0.24471142888069153,0.35054510831832886,0.4563787877559662,0.5622124671936035,0.6680461168289185,0.7738797664642334,0.8797134160995483,0.9855470657348633,1.0913807153701782,1.1972143650054932,1.303048014640808,1.420551061630249,1.53805410861969,1.6555571556091309,1.7730602025985718,1.8905632495880127,2.0194969177246094,2.155463218688965,2.2914295196533203,2.427395820617676,2.5633621215820313,2.6993284225463867,2.8516769409179688,3.004025459289551,3.156373977661133,3.308722496032715,3.461071014404297,3.613419532775879,3.765768051147461,3.918116569519043,4.070464611053467,4.222812652587891,4.3751606941223145,4.527508735656738,4.679856777191162,4.832204818725586,4.98455286026001],"ori_surface":[0.03742111846804619,0.17546483874320984,0.3135085701942444,0.45155227184295654,0.5895959734916687,0.7276396751403809,0.865683376789093,1.0037270784378052,1.141770839691162,1.279814600944519,1.417858362197876,1.555902123451233,1.6939458847045898,1.8460301160812378,1.9981143474578857,2.1501986980438232,2.3022830486297607,2.4543673992156982,2.614417552947998,2.778656005859375,2.942894458770752,3.107132911682129,3.271371364593506,3.435609817504883,3.6115803718566895,3.787550926208496,3.9635214805603027,4.139492034912109,4.315462589263916,4.491433143615723,4.667403697967529,4.843374252319336,5.019344806671143,5.195315361022949,5.371285915374756,5.5472564697265625,5.723227024078369,5.899197578430176,6.075168132781982],"time_s":[181.09613037109375,194.42234802246094,206.0501251220703,216.8146514892578,227.97373962402344,238.9872283935547,250.16864013671875,262.54132080078125,275.0155334472656,288.3330078125,299.5069274902344,310.24365234375,344.3650207519531,373.0628356933594,388.0103454589844,400.46405029296875,413.1227111816406,425.08868408203125,438.31915283203125,450.5276794433594,463.0092468261719,476.512451171875,503.148193359375,518.1897583007813,529.9757690429688,542.1748657226563,555.9232177734375,568.0850219726563,580.0711059570313,592.8564453125,619.73583984375,646.6173095703125,659.367431640625,680.5390014648438,708.3854370117188,732.5804443359375,743.8736572265625,782.195068359375,796.52099609375],"timestep":[6861.98876953125,6871.505859375,6879.50390625,6887.03515625,6894.65087890625,6902.22998046875,6909.958984375,6918.7509765625,6927.42578125,6936.65185546875,6944.13916015625,6951.4560546875,6979.2177734375,7002.19189453125,7012.89892578125,7021.39404296875,7030.466796875,7038.759765625,7048.13818359375,7056.60205078125,7065.47607421875,7075.5087890625,7097.0771484375,7108.09912109375,7116.35693359375,7124.7060546875,7134.44384765625,7142.8408203125,7150.98681640625,7159.93115234375,7181.14501953125,7201.92822265625,7210.533203125,7226.02978515625,7247.58203125,7266.0439453125,7273.5,7304.13720703125,7312.33203125]}