{"opi":[0.02857142873108387,0.02857142873108387,0.02857142873108387,0.02857142873108387,0.02857142873108387,0.02857142873108387,0.02857142873108387,0.02857142873108387,0.02857142873108387,0.02857142873108387,0.02857142873108387,0.02857142873108387,0.02857142873108387,0.02857142873108387,0.02857142873108387,0.02857142873108387,0.02857142873108387,0.02857142873108387,0.02857142873108387,0.02857142873108387,0.02857142873108387,0.02857142873108387,0.02857142873108387,0.02857142873108387,0.02857142873108387,0.02857142873108387,0.02857142873108387,0.02857142873108387,0.02857142873108387,0.02857142873108387,0.02857142873108387,0.02857142873108387,0.02857142873108387,0.02857142873108387,0.02857142873108387],"ori_confidence":[0.03646472096443176,0.07292944192886353,0.10939416289329529,0.14585888385772705,0.1823236048221588,0.21878832578659058,0.25525304675102234,0.2917177677154541,0.32818248867988586,0.3646472096443176,0.4011119306087494,0.43757665157318115,0.4740413725376129,0.5105060935020447,0.5469708442687988,0.5834355354309082,0.6199002265930176,0.656364917755127,0.6928296089172363,0.7292943000793457,0.7657589912414551,0.8022236824035645,0.8386883735656738,0.8751530647277832,0.9116177558898926,0.948082447052002,0.9845471382141113,1.0210118293762207,1.05747652053833,1.0939412117004395,1.1304059028625488,1.1668705940246582,1.2033352851867676,1.239799976348877,1.2762646675109863],"ori_distance":[0.0403880849480629,0.0807761698961258,0.12116425484418869,0.1615523397922516,0.2019404172897339,0.2423284947872162,0.2827165722846985,0.3231046497821808,0.3634927272796631,0.4038808047771454,0.4442688822746277,0.48465695977211,0.5250450372695923,0.565433144569397,0.6058212518692017,0.6462093591690063,0.686597466468811,0.7269855737686157,0.7673736810684204,0.8077617883682251,0.8481498956680298,0.8885380029678345,0.9289261102676392,0.9693142175674438,1.0097023248672485,1.0500904321670532,1.090478539466858,1.1308666467666626,1.1712547540664673,1.211642861366272,1.2520309686660767,1.2924190759658813,1.332807183265686,1.3731952905654907,1.4135833978652954],"ori_surface":[0.043604232370853424,0.08720846474170685,0.13081270456314087,0.1744169294834137,0.21802115440368652,0.26162537932395935,0.3052296042442322,0.348833829164505,0.39243805408477783,0.43604227900505066,0.4796465039253235,0.5232507586479187,0.5668550133705139,0.6104592680931091,0.6540635228157043,0.6976677775382996,0.7412720322608948,0.78487628698349,0.8284805417060852,0.8720847964286804,0.9156890511512756,0.9592933058738708,1.0028975009918213,1.0465017557144165,1.0901060104370117,1.133710265159607,1.1773145198822021,1.2209187746047974,1.2645230293273926,1.3081272840499878,1.351731538772583,1.3953357934951782,1.4389400482177734,1.4825443029403687,1.5261485576629639],"time_s":[137.8419952392578,153.0595245361328,165.822998046875,178.92742919921875,197.81973266601563,208.61390686035156,221.30264282226563,232.0208740234375,244.60047912597656,259.885498046875,273.21636962890625,288.0575866699219,300.3561706542969,310.8558654785156,320.35369873046875,330.6922607421875,341.4049987792969,352.5818786621094,370.46173095703125,398.681884765625,435.4788513183594,463.8482360839844,478.2168273925781,518.2957153320313,539.0866088867188,548.1094360351563,558.0260620117188,568.7324829101563,583.0109252929688,594.8547973632813,620.6317138671875,634.5339965820313,693.5326538085938,708.2630615234375,721.7130737304688],"timestep":[6876.89501953125,6890.73388671875,6902.47119140625,6914.47119140625,6931.67822265625,6941.43505859375,6952.81591796875,6962.33984375,6973.7578125,6988.134765625,7000.6240234375,7013.9599609375,7024.990234375,7034.2978515625,7042.7041015625,7051.39697265625,7060.44384765625,7070.0068359375,7085.89013671875,7111.55615234375,7145.162109375,7170.60693359375,7180.1328125,7199.7099609375,7208.92822265625,7216.68115234375,7225.494140625,7235.205078125,7248.171875,7258.78515625,7283.02783203125,7295.89306640625,7352.583984375,7365.9189453125,7378.23779296875]}