{"opi":[0.1428571492433548,0.17142857611179352,0.20000000298023224,0.22857142984867096,0.22857142984867096,0.22857142984867096,0.22857142984867096,0.22857142984867096,0.22857142984867096,0.22857142984867096,0.22857142984867096,0.22857142984867096,0.22857142984867096,0.22857142984867096,0.22857142984867096,0.22857142984867096,0.22857142984867096,0.22857142984867096,0.22857142984867096,0.22857142984867096,0.22857142984867096,0.22857142984867096,0.22857142984867096,0.22857142984867096,0.22857142984867096,0.22857142984867096,0.22857142984867096,0.22857142984867096,0.22857142984867096,0.22857142984867096,0.22857142984867096,0.22857142984867096,0.22857142984867096,0.22857142984867096,0.22857142984867096,0.22857142984867096],"ori_confidence":[0.013983223587274551,0.048345524817705154,0.11040433496236801,0.19617705047130585,0.2819497883319855,0.3677225112915039,0.45349523425102234,0.539267897605896,0.625040590763092,0.7108132839202881,0.7965859770774841,0.8823586702346802,0.9681313633918762,1.0539041757583618,1.1396769285202026,1.2254496812820435,1.3112224340438843,1.396995186805725,1.482767939567566,1.5685406923294067,1.6543134450912476,1.7400861978530884,1.8258589506149292,1.91163170337677,1.9974044561386108,2.083177089691162,2.168949842453003,2.2547225952148438,2.3404953479766846,2.4262681007385254,2.512040853500366,2.597813606262207,2.683586359024048,2.7693591117858887,2.8551318645477295,2.9409046173095703],"ori_distance":[0.02461278811097145,0.07345350086688995,0.15314950048923492,0.27687501907348633,0.40060052275657654,0.5243260264396667,0.6480515599250793,0.7717770934104919,0.8955026268959045,1.0192281007766724,1.142953634262085,1.2666791677474976,1.3904047012329102,1.5141302347183228,1.6378557682037354,1.761581301689148,1.8853068351745605,2.0090324878692627,2.1327579021453857,2.256483316421509,2.380208730697632,2.503934144973755,2.627659559249878,2.751384973526001,2.875110387802124,2.998835802078247,3.12256121635437,3.246286630630493,3.370012044906616,3.4937374591827393,3.6174628734588623,3.7411882877349854,3.8649137020111084,3.9886391162872314,4.112364768981934,4.236090660095215],"ori_surface":[0.021663982421159744,0.07646899670362473,0.1650288999080658,0.30078890919685364,0.4365489184856415,0.5723088979721069,0.70806884765625,0.8438287973403931,0.9795887470245361,1.1153488159179688,1.2511088848114014,1.386868953704834,1.5226290225982666,1.6583890914916992,1.7941491603851318,1.9299092292785645,2.065669298171997,2.2014293670654297,2.3371894359588623,2.472949504852295,2.6087095737457275,2.74446964263916,2.8802297115325928,3.0159897804260254,3.151749849319458,3.2875099182128906,3.4232699871063232,3.559030055999756,3.6947901248931885,3.830550193786621,3.9663102626800537,4.102070331573486,4.237830638885498,4.37359094619751,4.5093512535095215,4.645111560821533],"time_s":[379.3631591796875,395.7589416503906,423.06854248046875,439.9212341308594,459.2268981933594,482.0862121582031,494.9134826660156,506.0927734375,516.2906494140625,530.1510009765625,541.6127319335938,556.2415161132813,575.32080078125,590.9507446289063,610.3136596679688,633.287841796875,645.4169311523438,657.8607177734375,670.3052978515625,696.6026611328125,711.1923828125,721.1314086914063,733.5097045898438,743.37060546875,762.7661743164063,777.9288940429688,791.1971435546875,802.4723510742188,814.0297241210938,839.16943359375,854.4727172851563,870.23291015625,881.2344360351563,896.8336791992188,907.8084106445313,921.4566650390625],"timestep":[7046.0068359375,7061.212890625,7087.078125,7102.44677734375,7120.6748046875,7142.2958984375,7154.244140625,7164.59814453125,7173.9091796875,7186.11376953125,7196.55517578125,7207.93115234375,7225.84912109375,7240.2529296875,7258.7587890625,7280.43017578125,7291.43798828125,7303.18896484375,7314.576171875,7339.6328125,7353.0068359375,7361.8232421875,7372.72900390625,7381.27392578125,7399.14794921875,7412.7509765625,7424.16796875,7433.884765625,7443.92919921875,7467.47509765625,7481.0732421875,7495.0830078125,7504.40283203125,7517.96484375,7527.26806640625,7538.787109375]}