{"opi":[0.08571428805589676,0.08571428805589676,0.08571428805589676,0.08571428805589676,0.08571428805589676,0.08571428805589676,0.08571428805589676,0.08571428805589676,0.08571428805589676,0.08571428805589676,0.08571428805589676,0.08571428805589676,0.08571428805589676,0.08571428805589676,0.08571428805589676,0.08571428805589676,0.08571428805589676,0.08571428805589676,0.08571428805589676,0.08571428805589676,0.08571428805589676,0.08571428805589676,0.08571428805589676,0.08571428805589676,0.08571428805589676,0.08571428805589676,0.08571428805589676,0.08571428805589676,0.08571428805589676,0.20000000298023224,0.20000000298023224,0.20000000298023224,0.20000000298023224,0.22857142984867096],"ori_confidence":[0.06939547508955002,0.13879095017910004,0.20818643271923065,0.27758193016052246,0.3469774127006531,0.4163728952407837,0.4857683777809143,0.5551638603210449,0.6245593428611755,0.6939548254013062,0.7633503079414368,0.8327457904815674,0.902141273021698,0.9715367555618286,1.0409321784973145,1.1103277206420898,1.1797232627868652,1.2491188049316406,1.318514347076416,1.3879098892211914,1.4573054313659668,1.5267009735107422,1.5960965156555176,1.665492057800293,1.7348875999450684,1.8042831420898438,1.8736786842346191,1.9430742263793945,2.01246976852417,2.0924875736236572,2.1725053787231445,2.252523183822632,2.332540988922119,2.4190878868103027],"ori_distance":[0.09291672706604004,0.18583346903324127,0.2787501811981201,0.37166690826416016,0.4645836353302002,0.5575003623962402,0.6504170894622803,0.7433338165283203,0.8362505435943604,0.9291672706604004,1.0220839977264404,1.1150007247924805,1.2079174518585205,1.3008341789245605,1.3937509059906006,1.4866676330566406,1.5795843601226807,1.6725010871887207,1.7654178142547607,1.8583345413208008,1.9512512683868408,2.044167995452881,2.137084722518921,2.230001449584961,2.322918176651001,2.415834903717041,2.508751630783081,2.601668357849121,2.694585084915161,2.809433937072754,2.9242827892303467,3.0391316413879395,3.1539804935455322,3.281538486480713],"ori_surface":[0.11118797957897186,0.22237595915794373,0.3335639238357544,0.44475188851356506,0.5559398531913757,0.6671278476715088,0.7783158421516418,0.8895038366317749,1.0006918907165527,1.1118799448013306,1.2230679988861084,1.3342560529708862,1.445444107055664,1.556632161140442,1.6678202152252197,1.7790082693099976,1.8901963233947754,2.0013842582702637,2.112572193145752,2.2237601280212402,2.3349480628967285,2.446135997772217,2.557323932647705,2.6685118675231934,2.7796998023986816,2.89088773727417,3.002075672149658,3.1132636070251465,3.2244515419006348,3.3507819175720215,3.477112293243408,3.603442668914795,3.7297730445861816,3.8671715259552],"time_s":[282.8279113769531,293.4977722167969,311.4584655761719,322.2557067871094,332.5359802246094,341.74945068359375,360.2725830078125,373.26629638671875,387.17169189453125,399.2232360839844,411.3805236816406,423.72662353515625,434.3117370605469,446.62176513671875,461.22393798828125,473.9031066894531,487.0110168457031,499.26873779296875,511.13446044921875,523.177490234375,534.8112182617188,545.1741943359375,574.94091796875,603.970947265625,657.466552734375,670.0327758789063,682.6708374023438,698.0746459960938,712.6555786132813,727.2505493164063,743.5035400390625,758.2774047851563,771.624755859375,787.4041748046875],"timestep":[6960.22021484375,6970.0400390625,6986.68701171875,6996.48583984375,7005.6181640625,7014.18603515625,7031.830078125,7043.80908203125,7056.27783203125,7066.7509765625,7077.59423828125,7088.2900390625,7097.68017578125,7108.63916015625,7121.62890625,7132.85498046875,7144.47705078125,7155.69091796875,7166.47998046875,7177.166015625,7187.43701171875,7196.28076171875,7223.83203125,7251.2412109375,7302.4140625,7313.68408203125,7325.34619140625,7340.09814453125,7353.60498046875,7366.9072265625,7381.91015625,7395.39599609375,7407.634765625,7422.244140625]}