{"opi":[0.024390242993831635,0.024390242993831635,0.024390242993831635,0.024390242993831635,0.024390242993831635,0.024390242993831635,0.024390242993831635,0.09756097197532654,0.09756097197532654,0.09756097197532654,0.09756097197532654,0.09756097197532654],"ori_confidence":[0.002069315407425165,0.00413863081485033,0.006207946687936783,0.008277262561023235,0.010346578434109688,0.01241589430719614,0.014485210180282593,0.01895851083099842,0.0234318096190691,0.027905108407139778,0.03237840533256531,0.036851704120635986],"ori_distance":[0.0007224336732178926,0.0014448673464357853,0.0021673007868230343,0.0028897342272102833,0.0036121676675975323,0.004334601107984781,0.00505703454837203,0.007237455807626247,0.009417877532541752,0.011598299257457256,0.01377872098237276,0.01595914177596569],"ori_surface":[0.0024160663597285748,0.0048321327194571495,0.0072481995448470116,0.009664266370236874,0.012080333195626736,0.014496400021016598,0.016912465915083885,0.022216081619262695,0.027519697323441505,0.032823313027620316,0.038126930594444275,0.043430548161268234],"time_s":[275.8579406738281,366.2768249511719,404.11798095703125,444.0840148925781,481.4637451171875,515.42822265625,551.4727783203125,587.5198364257813,625.0430908203125,664.3834838867188,707.5072021484375,810.5109252929688],"timestep":[267.12701416015625,295.27899169921875,305.27801513671875,316.7030029296875,326.52801513671875,336.2760009765625,345.47198486328125,354.3380126953125,363.9639892578125,374.6260070800781,387.0589904785156,450.1180114746094]}