{"opi":[0.0413223152810877, 0.0413223152810877, 0.0413223152810877, 0.0413223152810877, 0.0413223152810877, 0.0413223152810877, 0.0413223152810877, 0.0413223152810877, 0.0413223152810877, 0.0413223152810877, 0.0413223152810877, 0.0413223152810877, 0.0413223152810877, 0.1652892611243508, 0.1652892611243508, 0.1652892611243508, 0.1652892611243508, 0.1652892611243508, 0.1652892611243508, 0.1652892611243508, 0.1652892611243508, 0.1652892611243508, 0.1652892611243508, 0.20661157640543848, 0.20661157640543848, 0.20661157640543848, 0.20661157640543848, 0.20661157640543848, 0.20661157640543848, 0.20661157640543848, 0.20661157640543848, 0.20661157640543848, 0.20661157640543848, 0.20661157640543848, 0.20661157640543848, 0.20661157640543848, 0.20661157640543848],"ori_confidence":[0.0014056197833269835,0.002811239566653967,0.004216859117150307,0.005622479133307934,0.007028099149465561,0.008433719165623188,0.00983933825045824,0.011244957335293293,0.012650576420128345,0.014056195504963398,0.01546181458979845,0.016867434605956078,0.01827305369079113,0.02185157872736454,0.02543010376393795,0.02900862880051136,0.03258715569972992,0.03616568446159363,0.039744213223457336,0.043322741985321045,0.04690127074718475,0.05047979950904846,0.05405832827091217,0.16735969483852386,0.28066107630729675,0.39396241307258606,0.507263720035553,0.6205651164054871,0.7338665127754211,0.8471679091453552,0.9604693055152893,1.0737706422805786,1.1870721578598022,1.3003736734390259,1.4136751890182495,1.5269767045974731,1.6402782201766968],"ori_distance":[0.0013119729701429605,0.002623945940285921,0.003935919143259525,0.005247891880571842,0.006559864617884159,0.007871837355196476,0.009183810092508793,0.01049578282982111,0.011807755567133427,0.013119728304445744,0.01443170104175806,0.015743672847747803,0.01705564558506012,0.020917166024446487,0.024778686463832855,0.028640206903219223,0.03250172734260559,0.03636325150728226,0.04022477567195892,0.04408629983663559,0.047947824001312256,0.05180934816598892,0.05567087233066559,0.16793113946914673,0.28019142150878906,0.3924516439437866,0.5047118663787842,0.6169721484184265,0.7292324304580688,0.8414927124977112,0.9537529945373535,1.066013216972351,1.1782735586166382,1.2905339002609253,1.4027942419052124,1.5150545835494995,1.6273149251937866],"ori_surface":[0.002498811576515436,0.004997623153030872,0.0074964347295463085,0.009995246306061745,0.012494057416915894,0.014992868527770042,0.01749167963862419,0.01999049261212349,0.022489305585622787,0.024988118559122086,0.027486931532621384,0.029985744506120682,0.03248455747961998,0.03871859237551689,0.0449526272714138,0.051186662167310715,0.057420697063207626,0.06365472823381424,0.06988874822854996,0.07612276822328568,0.08235678821802139,0.08859080821275711,0.09482482820749283,0.2331026792526245,0.3713805377483368,0.5096583962440491,0.6479362845420837,0.7862141728401184,0.9244920611381531,1.062769889831543,1.2010478973388672,1.3393259048461914,1.4776039123535156,1.6158819198608398,1.754159927368164,1.8924379348754883,2.0307159423828125],"time_s":[130.97454833984375,140.878662109375,150.60780334472656,159.79420471191406,168.84869384765625,178.1856689453125,205.16668701171875,217.9628143310547,228.8063507080078,241.55372619628906,253.52528381347656,269.4228210449219,280.4474182128906,290.53131103515625,300.8822937011719,310.6822204589844,321.41168212890625,330.23260498046875,354.3431091308594,367.1361389160156,387.28082275390625,397.2955627441406,412.56121826171875,425.5237731933594,436.1080017089844,486.25604248046875,497.5557556152344,523.6697998046875,565.0685424804688,575.6232299804688,589.6490478515625,602.5584106445313,629.0325317382813,657.3365478515625,678.5994873046875,723.382568359375,735.336181640625],"timestep":[1750.7879638671875,1758.4410400390625,1765.925048828125,1772.7330322265625,1779.6290283203125,1786.677978515625,1809.7159423828125,1819.58203125,1828.0050048828125,1838.2509765625,1847.68994140625,1860.833984375,1869.35302734375,1877.009033203125,1884.9720458984375,1892.446044921875,1900.6080322265625,1907.6619873046875,1929.7049560546875,1939.9530029296875,1956.9420166015625,1964.5550537109375,1976.7330322265625,1986.81103515625,1994.68896484375,2038.511962890625,2046.89697265625,2069.157958984375,2105.39697265625,2113.157958984375,2124.243896484375,2133.882080078125,2156.4951171875,2180.25,2197.0869140625,2235.612060546875,2244.208984375]}
