{"opi":[0.0826446305621754, 0.0826446305621754, 0.0826446305621754, 0.0826446305621754, 0.0826446305621754, 0.0826446305621754, 0.0826446305621754, 0.0826446305621754, 0.0826446305621754, 0.0826446305621754, 0.0826446305621754, 0.0826446305621754, 0.0826446305621754, 0.0826446305621754, 0.0826446305621754, 0.0826446305621754, 0.0826446305621754, 0.0826446305621754, 0.0826446305621754, 0.2479338916865262, 0.2479338916865262, 0.2479338916865262, 0.2479338916865262, 0.2479338916865262, 0.2479338916865262, 0.2479338916865262, 0.3305785222487016, 0.3305785222487016, 0.3305785222487016, 0.3305785222487016, 0.3305785222487016, 0.3305785222487016, 0.3719008239832791, 0.3719008239832791, 0.3719008239832791, 0.3719008239832791, 0.3719008239832791],"ori_confidence":[0.009262986481189728,0.018525972962379456,0.027788959443569183,0.03705194592475891,0.04631493240594864,0.05557791888713837,0.0648409053683281,0.07410389184951782,0.08336687833070755,0.09262986481189728,0.101892851293087,0.11115583777427673,0.12041882425546646,0.1296818107366562,0.1389448046684265,0.14820778369903564,0.15747076272964478,0.1667337417602539,0.17599672079086304,0.2132255882024765,0.25045448541641235,0.287683367729187,0.32491225004196167,0.36214113235473633,0.399370014667511,0.43659889698028564,0.48204925656318665,0.5274996161460876,0.572950005531311,0.6184003949165344,0.6638507843017578,0.7093011736869812,0.8188570737838745,0.9284129738807678,1.037968635559082,1.147524356842041,1.257080078125],"ori_distance":[0.012469143606722355,0.02493828721344471,0.03740743175148964,0.04987657442688942,0.0623457171022892,0.07481486350297928,0.08728400617837906,0.09975314885377884,0.11222229152917862,0.1246914342045784,0.13716058433055878,0.14962972700595856,0.16209886968135834,0.17456801235675812,0.1870371550321579,0.19950629770755768,0.21197544038295746,0.22444458305835724,0.23691372573375702,0.279098242521286,0.3212827444076538,0.3634672462940216,0.4056517481803894,0.4478362500667572,0.490020751953125,0.5322052836418152,0.5829530358314514,0.6337007880210876,0.6844485402107239,0.7351962924003601,0.7859440445899963,0.8366917967796326,0.961516797542572,1.0863418579101563,1.2111670970916748,1.3359923362731934,1.460817575454712],"ori_surface":[0.01385264191776514,0.02770528383553028,0.041557926684617996,0.05541056767106056,0.06926321238279343,0.08311585336923599,0.09696849435567856,0.11082113534212112,0.12467377632856369,0.13852642476558685,0.15237906575202942,0.16623170673847198,0.18008434772491455,0.19393698871135712,0.20778962969779968,0.22164227068424225,0.23549491167068481,0.24934755265712738,0.26320019364356995,0.3306453227996826,0.3980904519557953,0.46553558111190796,0.5329806804656982,0.6004257798194885,0.6678708791732788,0.7353159785270691,0.8168702125549316,0.8984244465827942,0.9799786806106567,1.061532974243164,1.1430871486663818,1.2246413230895996,1.3915362358093262,1.5584311485290527,1.7253260612487793,1.8922209739685059,2.0591158866882324],"time_s":[179.77357482910156,186.90208435058594,194.59542846679688,211.73960876464844,220.859619140625,228.25393676757813,236.82839965820313,244.09239196777344,251.2034454345703,259.4226379394531,266.9814453125,275.552734375,282.6459045410156,294.92779541015625,310.17816162109375,325.7402648925781,335.9131164550781,343.71917724609375,352.917724609375,362.1195373535156,370.1573791503906,379.0126953125,386.6596984863281,395.0614013671875,403.0172424316406,428.059326171875,438.6035461425781,449.54986572265625,458.6949462890625,467.7709655761719,475.5407409667969,483.3901672363281,491.5554504394531,499.9232482910156,508.3301086425781,516.5667114257813,525.0942993164063],"timestep":[1799.324951171875,1804.85595703125,1810.447021484375,1824.7060546875,1832.0240478515625,1837.81103515625,1844.8680419921875,1850.656982421875,1856.3070068359375,1862.9530029296875,1869.0830078125,1876.010009765625,1881.532958984375,1891.60205078125,1904.4720458984375,1917.4580078125,1925.4580078125,1931.512939453125,1938.875,1946.239013671875,1952.4580078125,1959.5030517578125,1964.8089599609375,1970.5169677734375,1975.843017578125,1997.7540283203125,2006.2430419921875,2014.9560546875,2022.0980224609375,2029.154052734375,2035.1689453125,2041.20703125,2047.208984375,2053.6259765625,2059.885986328125,2065.888916015625,2072.320068359375]}
