{"opi":[0.0826446305621754, 0.0826446305621754, 0.0826446305621754, 0.0826446305621754, 0.0826446305621754, 0.0826446305621754, 0.0826446305621754, 0.0826446305621754, 0.0826446305621754, 0.1239669458432631, 0.1239669458432631, 0.1239669458432631, 0.1652892611243508, 0.20661157640543848, 0.20661157640543848, 0.2479338916865262, 0.2479338916865262, 0.2479338916865262, 0.2892561934211037, 0.2892561934211037, 0.3719008239832791, 0.3719008239832791, 0.41322315281087696, 0.41322315281087696, 0.41322315281087696, 0.41322315281087696, 0.41322315281087696, 0.41322315281087696, 0.41322315281087696, 0.41322315281087696, 0.41322315281087696, 0.41322315281087696, 0.41322315281087696],"ori_confidence":[0.007925578393042088,0.015851156786084175,0.023776736110448837,0.03170231357216835,0.03962789103388786,0.047553468495607376,0.05547904595732689,0.0634046271443367,0.07133020460605621,0.175792396068573,0.280254602432251,0.38471677899360657,0.664850652217865,0.9574403762817383,1.250030279159546,1.7711811065673828,2.2923316955566406,2.8134822845458984,3.3380978107452393,3.86271333694458,4.388452529907227,4.914191246032715,5.441120147705078,5.968049049377441,6.494977951049805,7.021906852722168,7.548835754394531,8.075763702392578,8.602690696716309,9.129617691040039,9.65654468536377,10.1834716796875,10.71039867401123],"ori_distance":[0.007521980442106724,0.015043960884213448,0.022565942257642746,0.030087921768426895,0.037609901279211044,0.045131880789995193,0.05265386030077934,0.06017583981156349,0.06769782304763794,0.20678290724754333,0.34586796164512634,0.48495301604270935,0.7730371952056885,1.0715856552124023,1.3701342344284058,1.8468215465545654,2.3235082626342773,2.8001949787139893,3.280513286590576,3.760831594467163,4.241671085357666,4.722510814666748,5.203871250152588,5.685231685638428,6.166592121124268,6.647952556610107,7.129312992095947,7.610673427581787,8.092034339904785,8.573393821716309,9.054753303527832,9.536112785339355,10.017472267150879],"ori_surface":[0.014437043108046055,0.02887408621609211,0.04331113025546074,0.05774817243218422,0.072185218334198,0.08662226051092148,0.10105930268764496,0.11549634486436844,0.12993338704109192,0.30132806301116943,0.47272270917892456,0.6441174149513245,1.061994194984436,1.5026979446411133,1.943401575088501,2.6910226345062256,3.43864369392395,4.186264514923096,4.940474510192871,5.6946845054626465,6.4511260986328125,7.2075676918029785,7.966240882873535,8.724915504455566,9.483590126037598,10.242264747619629,11.00093936920166,11.759613990783691,12.518288612365723,13.276963233947754,14.035637855529785,14.794312477111816,15.552987098693848],"time_s":[338.708251953125,361.05755615234375,370.17559814453125,379.3721923828125,388.00604248046875,413.7089538574219,424.36334228515625,433.6014404296875,442.5648498535156,451.3298034667969,460.8492126464844,469.2880859375,477.7685852050781,487.061279296875,498.1397705078125,512.335205078125,526.1424560546875,542.623046875,558.1906127929688,571.2686157226563,596.9451293945313,623.9359130859375,642.923583984375,669.3739624023438,752.21630859375,764.68994140625,773.9287109375,799.8670654296875,854.376220703125,863.76416015625,872.8443603515625,887.0654296875,898.4459838867188],"timestep":[1919.4620361328125,1938.636962890625,1945.4129638671875,1951.927001953125,1958.1739501953125,1980.677001953125,1988.8990478515625,1995.550048828125,2001.9639892578125,2008.5460205078125,2015.782958984375,2022.177001953125,2028.5889892578125,2035.4749755859375,2043.970947265625,2055.695068359375,2066.806884765625,2080.5791015625,2093.575927734375,2103.876953125,2126.56005859375,2150.02294921875,2166.029052734375,2188.844970703125,2265.205078125,2274.77392578125,2281.447021484375,2304.1259765625,2353.44091796875,2360.3291015625,2367.0380859375,2378.2958984375,2387.1630859375]}
