{"opi":[0.0476190485060215,0.0476190485060215,0.0476190485060215,0.0476190485060215,0.0476190485060215,0.0476190485060215,0.0476190485060215,0.0476190485060215,0.0476190485060215,0.0476190485060215,0.0476190485060215,0.190476194024086,0.190476194024086,0.190476194024086,0.190476194024086,0.190476194024086],"ori_confidence":[0.001112953294068575,0.00222590658813715,0.0033388598822057247,0.0044518131762743,0.0055647664703428745,0.006677719764411449,0.007790673058480024,0.0089036263525486,0.010016579180955887,0.011129532009363174,0.012242484837770462,0.022608818486332893,0.032975152134895325,0.04334148392081261,0.05370781570672989,0.06407414376735687],"ori_distance":[0.002097998047247529,0.004195996094495058,0.006293994374573231,0.008391992188990116,0.010489990003407001,0.012587987817823887,0.014685985632240772,0.016783984377980232,0.018881982192397118,0.020979980006814003,0.02307797782123089,0.03173676133155823,0.040395546704530716,0.049054332077503204,0.05771311745047569,0.06637190282344818],"ori_surface":[0.0014303401112556458,0.0028606802225112915,0.004291020333766937,0.005721360445022583,0.007151700556278229,0.008582040667533875,0.01001238077878952,0.011442720890045166,0.012873061001300812,0.014303401112556458,0.015733741223812103,0.027476906776428223,0.03922007232904434,0.05096323788166046,0.06270640343427658,0.0744495615363121],"time_s":[499.4150695800781,535.5860595703125,577.3103637695313,615.4793701171875,662.2745361328125,721.9124145507813,760.2376098632813,795.425048828125,837.3417358398438,875.577880859375,912.6292114257813,951.8067626953125,998.5432739257813,1095.871337890625,1130.8919677734375,1175.8092041015625],"timestep":[2016.75,2027.279052734375,2040.3780517578125,2051.97607421875,2066.4189453125,2085.718017578125,2096.698974609375,2106.612060546875,2119.2939453125,2130.291015625,2140.577880859375,2151.72412109375,2165.153076171875,2197.822998046875,2207.49609375,2223.593994140625]}