{"opi":[0.095238097012043,0.095238097012043,0.1428571492433548,0.1428571492433548,0.1428571492433548,0.1428571492433548,0.1428571492433548,0.1428571492433548,0.1428571492433548,0.1428571492433548,0.1428571492433548,0.1428571492433548,0.1428571492433548,0.1428571492433548,0.1428571492433548,0.1428571492433548,0.1428571492433548,0.1428571492433548,0.1428571492433548,0.1428571492433548,0.1428571492433548,0.1428571492433548,0.1428571492433548,0.1428571492433548,0.1428571492433548,0.1428571492433548,0.1428571492433548,0.1428571492433548,0.1428571492433548,0.1428571492433548],"ori_confidence":[0.021751152351498604,0.04350230470299721,0.08075083047151566,0.1179993525147438,0.15524788200855255,0.1924964040517807,0.22974492609500885,0.2669934630393982,0.30424201488494873,0.34149056673049927,0.3787391185760498,0.41598767042160034,0.4532362222671509,0.4904847741127014,0.5277332663536072,0.5649817585945129,0.6022302508354187,0.6394787430763245,0.6767272353172302,0.713975727558136,0.7512242197990417,0.7884727120399475,0.8257212042808533,0.862969696521759,0.9002181887626648,0.9374666810035706,0.9747151732444763,1.0119636058807373,1.049212098121643,1.0864605903625488],"ori_distance":[0.041267234832048416,0.08253446966409683,0.13725711405277252,0.19197975099086761,0.2467023879289627,0.3014250099658966,0.3561476469039917,0.4108702838420868,0.4655929207801819,0.5203155279159546,0.5750381350517273,0.6297607421875,0.6844833493232727,0.7392059564590454,0.7939285635948181,0.8486511707305908,0.9033737778663635,0.9580963850021362,1.0128191709518433,1.0675419569015503,1.1222647428512573,1.1769875288009644,1.2317103147506714,1.2864331007003784,1.3411558866500854,1.3958786725997925,1.4506014585494995,1.5053242444992065,1.5600470304489136,1.6147698163986206],"ori_surface":[0.031167980283498764,0.06233596056699753,0.11062657088041306,0.15891718864440918,0.2072078138589859,0.2554984390735626,0.30378907918930054,0.35207971930503845,0.40037035942077637,0.4486609995365143,0.4969516396522522,0.5452422499656677,0.5935328602790833,0.6418234705924988,0.6901140809059143,0.7384046912193298,0.7866953015327454,0.8349859118461609,0.8832765221595764,0.9315671324729919,0.9798577427864075,1.0281481742858887,1.0764386653900146,1.1247291564941406,1.1730196475982666,1.2213101387023926,1.2696006298065186,1.3178911209106445,1.3661816120147705,1.4144721031188965],"time_s":[1064.7943115234375,1111.107177734375,1153.719970703125,1195.331298828125,1236.026611328125,1278.9378662109375,1331.22265625,1370.059326171875,1407.718994140625,1445.45654296875,1489.7928466796875,1528.8160400390625,1569.0882568359375,1608.212158203125,1647.194580078125,1684.6441650390625,1722.111083984375,1767.789306640625,1810.256103515625,1846.7264404296875,1896.677001953125,1954.881591796875,1997.9649658203125,2043.1734619140625,2191.013916015625,2401.7451171875,2562.95263671875,2684.2138671875,2778.46044921875,2871.8349609375],"timestep":[2164.4580078125,2176.4169921875,2186.840087890625,2197.5830078125,2208.075927734375,2218.846923828125,2232.700927734375,2242.876953125,2253.507080078125,2264.321044921875,2279.761962890625,2290.1669921875,2301.5458984375,2312.424072265625,2322.966064453125,2332.56494140625,2342.447998046875,2355.01806640625,2367.285888671875,2376.99609375,2390.97607421875,2410.5791015625,2420.98388671875,2432.090087890625,2473.9609375,2525.470947265625,2564.1298828125,2591.825927734375,2618.52490234375,2651.554931640625]}