{"opi":[0.22539444698775107, 0.22539444698775107, 0.22539444698775107, 0.22539444698775107, 0.22539444698775107, 0.22539444698775107, 0.33809165816661735, 0.33809165816661735, 0.37565741164625177, 0.37565741164625177, 0.4132231404958677, 0.4132231404958677, 0.45078889397550215, 0.4883545981950995, 0.5259203516747339, 0.5634861051543684, 0.6010518586340029, 0.6010518586340029, 0.6010518586340029, 0.6010518586340029, 0.6010518586340029, 0.6010518586340029, 0.8264462809917354, 0.8264462809917354, 0.9015777879510043, 0.9015777879510043, 0.976709196390199, 0.976709196390199, 0.976709196390199, 0.976709196390199, 0.976709196390199, 0.976709196390199, 1.0518407033494679, 1.0518407033494679, 1.0518407033494679, 1.0518407033494679, 1.0518407033494679, 1.0518407033494679, 1.1269722103087367, 1.1269722103087367, 1.164537914528334, 1.164537914528334, 1.164537914528334],"ori_confidence":[0.0070556155405938625,0.014111231081187725,0.0211668461561203,0.02822246216237545,0.0352780781686306,0.0423336923122406,0.054609265178442,0.0668848380446434,0.23870225250720978,0.41051965951919556,0.6180208921432495,0.8255221247673035,1.2655274868011475,1.7511448860168457,2.274970293045044,2.976344585418701,3.730463743209839,4.484583377838135,5.23870325088501,5.992823123931885,6.74694299697876,7.501062870025635,8.494134902954102,9.48720645904541,10.52985954284668,11.57251262664795,12.771463394165039,13.970414161682129,15.169364929199219,16.368318557739258,17.567276000976563,18.766233444213867,20.038360595703125,21.310487747192383,22.58261489868164,23.8547420501709,25.126869201660156,26.398996353149414,27.688352584838867,28.97770881652832,30.27648162841797,31.575254440307617,32.8740119934082],"ori_distance":[0.009952832013368607,0.019905664026737213,0.02985849604010582,0.039811328053474426,0.04976416006684303,0.05971699208021164,0.07588055729866028,0.09204411506652832,0.287786602973938,0.48352915048599243,0.7187996506690979,0.9540701508522034,1.3789433240890503,1.84884774684906,2.3760340213775635,3.1017117500305176,3.902531862258911,4.703352928161621,5.50417423248291,6.304995536804199,7.105816841125488,7.906638145446777,8.931978225708008,9.957317352294922,11.044139862060547,12.130962371826172,13.39071273803711,14.650463104248047,15.910213470458984,17.169967651367188,18.42972183227539,19.689476013183594,21.036773681640625,22.384071350097656,23.731369018554688,25.07866668701172,26.42596435546875,27.77326202392578,29.14277458190918,30.512287139892578,31.892168045043945,33.27205276489258,34.651939392089844],"ori_surface":[0.013042238540947437,0.026084477081894875,0.039126716554164886,0.05216895416378975,0.06521119177341461,0.07825343310832977,0.10025765001773834,0.12226186692714691,0.3637374937534332,0.6052131652832031,0.8985645174980164,1.1919158697128296,1.7731550931930542,2.4214553833007813,3.130234718322754,4.07598876953125,5.106096267700195,6.136203765869141,7.166311264038086,8.196418762207031,9.226523399353027,10.256628036499023,11.582781791687012,12.908935546875,14.311423301696777,15.713911056518555,17.34099006652832,18.96807098388672,20.595151901245117,22.222232818603516,23.849313735961914,25.476394653320313,27.212003707885742,28.947612762451172,30.6832218170166,32.41883087158203,34.15443801879883,35.890045166015625,37.65163803100586,39.413230895996094,41.190643310546875,42.968055725097656,44.74546813964844],"time_s":[68.85352325439453,78.23773193359375,88.27588653564453,97.2479019165039,106.40201568603516,116.542236328125,124.86550903320313,135.2127227783203,145.3258056640625,154.59054565429688,162.82431030273438,173.29893493652344,183.50979614257813,192.6498260498047,200.21115112304688,210.8850555419922,222.13702392578125,231.58558654785156,246.82505798339844,260.59149169921875,269.12347412109375,279.2774658203125,288.3506774902344,297.51312255859375,316.1723327636719,329.8292236328125,340.54827880859375,351.7840881347656,359.97686767578125,374.454345703125,396.14154052734375,407.12213134765625,419.9761657714844,429.6109313964844,440.1074523925781,451.7787780761719,462.1490783691406,471.05047607421875,480.6462707519531,490.2226867675781,501.7438049316406,511.8626403808594,521.7875366210938],"timestep":[1768.7010498046875,1777.572998046875,1787.114013671875,1795.530029296875,1804.2530517578125,1813.8380126953125,1821.64599609375,1831.280029296875,1840.9010009765625,1849.60595703125,1857.2950439453125,1867.1400146484375,1876.720947265625,1885.3349609375,1892.4849853515625,1902.4749755859375,1913.125,1922.2440185546875,1936.8570556640625,1950.04296875,1958.083984375,1967.6619873046875,1976.3370361328125,1985.0579833984375,2003.25,2016.552978515625,2026.7130126953125,2037.14697265625,2044.8680419921875,2058.70703125,2080.028076171875,2090.547119140625,2102.741943359375,2111.802001953125,2121.677978515625,2132.64404296875,2142.385986328125,2150.861083984375,2159.73388671875,2168.884033203125,2179.827880859375,2189.39111328125,2198.784912109375]}
