{"opi":[0.15026296465850073, 0.15026296465850073, 0.15026296465850073, 0.15026296465850073, 0.15026296465850073, 0.15026296465850073, 0.15026296465850073, 0.15026296465850073, 0.15026296465850073, 0.37565741164625177, 0.4132231404958677, 0.45078889397550215, 0.4883545981950995, 0.5259203516747339, 0.5634861051543684, 0.5634861051543684, 0.5634861051543684, 0.5634861051543684, 0.6386175628536003, 0.6386175628536003, 0.6386175628536003, 0.6386175628536003, 0.7137490698128691, 0.7513148232925035, 0.7513148232925035, 0.8264462809917354, 0.8264462809917354, 0.8264462809917354, 0.8264462809917354, 0.8264462809917354, 0.8264462809917354, 0.8264462809917354, 1.0518407033494679, 1.0894065060891394],"ori_confidence":[0.0017393191810697317,0.0034786383621394634,0.0052179573103785515,0.006957276724278927,0.008696596138179302,0.010435915552079678,0.012175234965980053,0.013914554379880428,0.01565387286245823,0.029961993917822838,0.3446885347366333,0.8710252046585083,1.4447722434997559,2.0907375812530518,2.8582706451416016,3.6258037090301514,4.393334865570068,5.160866737365723,6.021792411804199,6.882718086242676,7.743643760681152,8.604572296142578,9.491284370422363,10.449195861816406,11.40710735321045,12.367116928100586,13.327126502990723,14.28713607788086,15.247145652770996,16.2071533203125,17.167163848876953,18.127174377441406,19.153934478759766,20.2235107421875],"ori_distance":[0.002064258325845003,0.004128516651690006,0.006192774977535009,0.008257033303380013,0.010321291163563728,0.012385549023747444,0.01444980688393116,0.016514064744114876,0.01857832260429859,0.03696036338806152,0.36726832389831543,0.923492431640625,1.5273518562316895,2.1868581771850586,2.9433069229125977,3.6997556686401367,4.456205368041992,5.212655544281006,6.129443168640137,7.046230792999268,7.963018417358398,8.879806518554688,9.824737548828125,10.862264633178711,11.899791717529297,12.93856430053711,13.977336883544922,15.016109466552734,16.054880142211914,17.09364891052246,18.132417678833008,19.171186447143555,20.305280685424805,21.484006881713867],"ori_surface":[0.0027471473440527916,0.0054942951537668705,0.008241442032158375,0.010988589376211166,0.013735736720263958,0.01648288406431675,0.019230032339692116,0.021977180615067482,0.024724328890442848,0.049478091299533844,0.51343834400177,1.2357444763183594,2.0434439182281494,2.9607832431793213,4.052854537963867,5.144925594329834,6.236996650695801,7.329067707061768,8.584694862365723,9.840323448181152,11.095952033996582,12.351580619812012,13.639370918273926,15.03981876373291,16.440269470214844,17.84417724609375,19.248085021972656,20.651992797851563,22.05590057373047,23.459808349609375,24.86371612548828,26.267623901367188,27.78662109375,29.37244415283203],"time_s":[87.29263305664063,96.4935302734375,106.03458404541016,118.21559143066406,126.8173828125,136.84906005859375,146.46737670898438,156.09951782226563,166.33078002929688,177.27223205566406,186.95376586914063,197.57017517089844,207.83932495117188,216.45008850097656,225.6088409423828,235.66189575195313,247.68215942382813,254.8544158935547,264.0714416503906,273.2873229980469,284.2732849121094,293.3711242675781,301.74493408203125,311.61102294921875,321.5596618652344,331.86090087890625,341.58038330078125,356.4682922363281,366.7286682128906,377.1656799316406,387.1416015625,396.3315734863281,407.0931701660156,423.4051513671875],"timestep":[1746.447998046875,1755.1300048828125,1764.126953125,1775.5889892578125,1783.5799560546875,1793.114990234375,1802.301025390625,1811.260986328125,1820.8890380859375,1831.18701171875,1840.384033203125,1850.3709716796875,1860.0780029296875,1868.2249755859375,1876.7919921875,1886.0379638671875,1897.343017578125,1904.093017578125,1912.73095703125,1921.3349609375,1931.616943359375,1940.2049560546875,1948.02197265625,1957.135986328125,1966.342041015625,1975.9549560546875,1985.240966796875,1999.47802734375,2009.175048828125,2018.9549560546875,2028.366943359375,2036.9090576171875,2047.1199951171875,2062.867919921875]}
