{"opi":[0.1818181872367859,0.1818181872367859,0.1818181872367859,0.1818181872367859,0.1818181872367859,0.1818181872367859,0.6363636255264282,0.7272727489471436,0.7272727489471436,0.7272727489471436,0.7272727489471436,0.7272727489471436,0.7272727489471436,1.2727272510528564,1.3636363744735718,1.3636363744735718,1.545454502105713,1.6363636255264282,1.7272727489471436,1.7272727489471436,1.8181818723678589,1.9090908765792847,2.0,2.0,2.090909004211426,2.090909004211426,2.1818182468414307,2.1818182468414307,2.1818182468414307,2.1818182468414307,2.3636362552642822,2.454545497894287,2.545454502105713,2.6363637447357178],"ori_confidence":[0.15265780687332153,0.30531561374664307,0.4579734206199646,0.6106312274932861,0.7632889747619629,0.9159467220306396,1.1467657089233398,1.520643949508667,1.8945221900939941,2.2684009075164795,2.642279863357544,3.0161588191986084,3.390037775039673,3.784088373184204,4.208265781402588,4.632442951202393,5.224586009979248,5.9292311668396,6.815340518951416,7.701449871063232,8.589027404785156,9.49193000793457,10.437187194824219,11.382444381713867,12.438257217407227,13.494070053100586,14.604915618896484,15.715761184692383,16.826601028442383,17.937437057495117,19.150033950805664,20.39896583557129,21.780473709106445,23.297101974487305],"ori_distance":[0.12031438201665878,0.24062876403331757,0.36094313859939575,0.48125749826431274,0.6015718579292297,0.7218862175941467,0.9404186606407166,1.2912778854370117,1.642137050628662,1.9929962158203125,2.343855381011963,2.6947145462036133,3.0455737113952637,3.421091079711914,3.8190035820007324,4.216916561126709,4.80225133895874,5.525269985198975,6.527373790740967,7.529477596282959,8.5330228805542,9.553500175476074,10.612544059753418,11.671587944030762,12.871800422668457,14.072012901306152,15.368659019470215,16.665298461914063,17.96194076538086,19.258583068847656,20.66446304321289,22.114238739013672,23.690738677978516,25.39571762084961],"ori_surface":[0.18476538360118866,0.3695307672023773,0.5542961359024048,0.7390614748001099,0.9238268136978149,1.10859215259552,1.4011505842208862,1.871501088142395,2.3418519496917725,2.8122026920318604,3.2825534343719482,3.752904176712036,4.223255157470703,4.722899436950684,5.266478538513184,5.810057640075684,6.568726539611816,7.497332572937012,8.7593994140625,10.021465301513672,11.285520553588867,12.578157424926758,13.933893203735352,15.289628982543945,16.80109405517578,18.312557220458984,19.913555145263672,21.51455307006836,23.115550994873047,24.716548919677734,26.460296630859375,28.261085510253906,30.22724151611328,32.361000061035156],"time_s":[85.60710906982422,97.97404479980469,118.87073516845703,137.92578125,148.6167449951172,170.97137451171875,244.5479736328125,257.2403564453125,266.06878662109375,277.7024841308594,291.5958251953125,300.46478271484375,311.1775817871094,322.9819641113281,333.2259521484375,343.7539367675781,353.9349365234375,363.4353942871094,372.889892578125,384.97064208984375,393.47955322265625,402.0379638671875,411.0187072753906,421.1631774902344,436.74517822265625,446.7405700683594,455.1071472167969,465.0274963378906,486.377197265625,499.5438537597656,514.3316650390625,525.8992919921875,748.0966796875,792.7282104492188],"timestep":[1719.175048828125,1731.02099609375,1751.27197265625,1769.6829833984375,1779.7979736328125,1801.4930419921875,1874.35498046875,1886.552001953125,1894.93994140625,1906.135986328125,1919.4549560546875,1927.843017578125,1938.14404296875,1949.301025390625,1958.70703125,1968.5150146484375,1978.29296875,1987.2220458984375,1996.10302734375,2007.616943359375,2015.6529541015625,2023.7879638671875,2032.2569580078125,2041.68701171875,2056.7919921875,2066.264892578125,2074.114013671875,2083.2529296875,2103.907958984375,2116.533935546875,2130.64697265625,2141.68408203125,2362.955078125,2406.8291015625]}