{"opi":[0.024390242993831635,0.04878048598766327,0.04878048598766327,0.04878048598766327,0.04878048598766327,0.04878048598766327,0.0731707289814949,0.0731707289814949,0.0731707289814949,0.0731707289814949,0.0731707289814949,0.0731707289814949,0.0731707289814949,0.0731707289814949,0.0731707289814949,0.0731707289814949,0.0731707289814949,0.0731707289814949,0.0731707289814949,0.0731707289814949,0.0731707289814949,0.0731707289814949,0.0731707289814949,0.17073170840740204,0.17073170840740204,0.17073170840740204,0.2195121943950653,0.2195121943950653,0.2195121943950653,0.2195121943950653,0.2195121943950653,0.2195121943950653,0.24390244483947754,0.26829269528388977],"ori_confidence":[0.006105491891503334,0.026457350701093674,0.04680921137332916,0.06716106832027435,0.08751292526721954,0.10786478221416473,0.23497380316257477,0.362082839012146,0.48919183015823364,0.6163008213043213,0.7434098124504089,0.8705188035964966,0.9976277947425842,1.1247369050979614,1.2518460750579834,1.3789552450180054,1.5060644149780273,1.6331735849380493,1.7602827548980713,1.8873919248580933,2.0145010948181152,2.1416101455688477,2.26871919631958,2.544781446456909,2.8208436965942383,3.0969059467315674,3.378589630126953,3.660273313522339,3.9419569969177246,4.223640441894531,4.50532341003418,4.787006378173828,5.08565616607666,5.498841285705566],"ori_distance":[0.007061308715492487,0.021172260865569115,0.03528321161866188,0.049394164234399796,0.06350512057542801,0.07761608064174652,0.17739379405975342,0.2771715223789215,0.3769492208957672,0.4767269194126129,0.5765045881271362,0.6762823462486267,0.7760601043701172,0.8758378624916077,0.9756156206130981,1.0753933191299438,1.1751708984375,1.2749484777450562,1.3747260570526123,1.4745036363601685,1.5742812156677246,1.6740587949752808,1.773836374282837,2.1043553352355957,2.4348740577697754,2.765392780303955,3.100931167602539,3.436469554901123,3.772007942199707,4.107546329498291,4.443085193634033,4.778624057769775,5.132304668426514,5.64741849899292],"ori_surface":[0.007404319941997528,0.032365936785936356,0.05732755362987518,0.08228916674852371,0.10725077986717224,0.13221240043640137,0.3014692962169647,0.47072622179985046,0.6399831771850586,0.8092399835586548,0.978496789932251,1.1477535963058472,1.317010521888733,1.4862674474716187,1.6555243730545044,1.8247812986373901,1.9940382242202759,2.163294792175293,2.3325514793395996,2.5018081665039063,2.671064853668213,2.8403215408325195,3.009578227996826,3.4722514152526855,3.934924602508545,4.3975982666015625,4.869937419891357,5.342276573181152,5.814615726470947,6.286954879760742,6.759294033050537,7.231633186340332,7.7299370765686035,8.403907775878906],"time_s":[7.354174613952637,18.087514877319336,27.06742286682129,36.10349655151367,45.698116302490234,54.53071594238281,84.04505157470703,95.20313262939453,105.09696197509766,115.5993423461914,126.2941665649414,136.51849365234375,146.29327392578125,156.02920532226563,165.45079040527344,174.9554443359375,184.33685302734375,197.97927856445313,207.80712890625,218.3249969482422,229.8433837890625,241.02049255371094,250.56370544433594,268.54180908203125,279.1598205566406,288.8493957519531,298.0935363769531,307.72198486328125,323.6260986328125,334.3772888183594,344.7369689941406,354.9161682128906,364.8965759277344,374.6042175292969],"timestep":[205.62899780273438,212.86300659179688,218.41299438476563,224.11000061035156,230.10899353027344,235.5449981689453,258.2560119628906,265.7720031738281,271.9280090332031,278.2969970703125,284.72198486328125,290.9110107421875,296.71099853515625,302.5069885253906,308.3110046386719,313.9729919433594,319.6709899902344,328.72601318359375,334.72601318359375,341.093994140625,348.4960021972656,355.6449890136719,361.4110107421875,373.9859924316406,380.75299072265625,386.54998779296875,392.2239990234375,397.8710021972656,408.7550048828125,415.39898681640625,421.5880126953125,427.4389953613281,433.42401123046875,439.35400390625]}