{"opi":[0.27272728085517883,0.27272728085517883,0.27272728085517883,0.27272728085517883,0.27272728085517883,0.27272728085517883,0.27272728085517883,0.27272728085517883,0.27272728085517883,0.27272728085517883,0.27272728085517883,0.27272728085517883,0.27272728085517883,0.27272728085517883,0.27272728085517883,0.27272728085517883,0.27272728085517883,0.27272728085517883,0.5454545617103577,0.6363636255264282,0.6363636255264282,0.7272727489471436,0.8181818127632141,0.8181818127632141,0.8181818127632141,0.8181818127632141,0.8181818127632141,0.8181818127632141,0.8181818127632141,0.8181818127632141,0.8181818127632141],"ori_confidence":[0.00105297623667866,0.00210595247335732,0.003158928593620658,0.004211904481053352,0.005264881066977978,0.006317857652902603,0.0073708342388272285,0.00842380989342928,0.00947678554803133,0.010529761202633381,0.011582736857235432,0.012635712511837482,0.013688688166439533,0.014741663821041584,0.01579464040696621,0.01684761606156826,0.01790059171617031,0.018953567370772362,0.04186885058879852,0.09467881917953491,0.1474887877702713,0.2557983100414276,0.4832174777984619,0.7106367349624634,0.9380559921264648,1.1654751300811768,1.3928942680358887,1.6203134059906006,1.8477325439453125,2.0751516819000244,2.3025705814361572],"ori_distance":[0.0006385609740391374,0.0012771219480782747,0.001915682922117412,0.0025542438961565495,0.003192804753780365,0.0038313656114041805,0.004469926934689283,0.005108488257974386,0.005747049581259489,0.006385610904544592,0.007024172227829695,0.007662733551114798,0.008301294408738613,0.008939855732023716,0.009578417055308819,0.010216978378593922,0.010855539701879025,0.011494101025164127,0.04918886721134186,0.11397702991962433,0.1787651926279068,0.2999853491783142,0.5336369872093201,0.7672887444496155,1.0009404420852661,1.234592080116272,1.4682437181472778,1.7018953561782837,1.9355469942092896,2.169198513031006,2.4028501510620117],"ori_surface":[0.0014635510742664337,0.0029271021485328674,0.004390653222799301,0.005854204297065735,0.007317755371332169,0.008781306445598602,0.010244857519865036,0.01170840859413147,0.013171959668397903,0.014635510742664337,0.01609906181693077,0.017562612891197205,0.01902616396546364,0.020489715039730072,0.021953266113996506,0.02341681718826294,0.024880368262529373,0.026343919336795807,0.0668366327881813,0.14277660846710205,0.2187166064977646,0.3886674642562866,0.7470105290412903,1.105353593826294,1.4636967182159424,1.8220398426055908,2.1803829669952393,2.5387258529663086,2.897068977355957,3.2554121017456055,3.613755226135254],"time_s":[685.7493286132813,718.9306640625,789.4381103515625,835.3872680664063,871.120849609375,942.606201171875,973.986572265625,1051.033447265625,1112.956787109375,1135.5462646484375,1166.173583984375,1219.530517578125,1242.9921875,1294.2039794921875,1326.651611328125,1343.9583740234375,1360.5047607421875,1381.6055908203125,1409.5260009765625,1427.6162109375,1505.630859375,1527.182861328125,1746.7705078125,1813.1705322265625,1890.451904296875,1909.6019287109375,1942.599365234375,1962.469970703125,1988.872802734375,2016.933837890625,2044.55322265625],"timestep":[1884.43603515625,1893.135009765625,1913.697021484375,1925.18994140625,1933.9649658203125,1953.31494140625,1960.8499755859375,1980.531005859375,1998.60205078125,2004.541015625,2012.9659423828125,2028.237060546875,2034.0040283203125,2047.779052734375,2056.756103515625,2060.989990234375,2064.991943359375,2070.097900390625,2077.277099609375,2081.87890625,2104.9208984375,2110.341064453125,2178.59912109375,2198.24609375,2221.194091796875,2225.681884765625,2234.751953125,2239.7080078125,2246.35400390625,2253.451904296875,2260.032958984375]}