{"opi":[0.04878048598766327,0.0731707289814949,0.0731707289814949,0.0731707289814949,0.0731707289814949,0.0731707289814949,0.0731707289814949,0.0731707289814949,0.0731707289814949,0.0731707289814949,0.0731707289814949,0.12195122241973877,0.12195122241973877,0.12195122241973877,0.12195122241973877,0.12195122241973877,0.12195122241973877,0.1463414579629898,0.1463414579629898,0.1463414579629898,0.1463414579629898,0.1463414579629898,0.1463414579629898,0.1463414579629898,0.1463414579629898,0.24390244483947754,0.24390244483947754,0.26829269528388977,0.26829269528388977,0.26829269528388977,0.26829269528388977,0.2926829159259796,0.2926829159259796,0.2926829159259796,0.2926829159259796,0.2926829159259796,0.31707316637039185,0.31707316637039185,0.31707316637039185,0.3658536672592163],"ori_confidence":[0.007061679381877184,0.09941926598548889,0.19177685678005219,0.2841344475746155,0.3764920234680176,0.4688495993614197,0.5612071752548218,0.6535648107528687,0.7459224462509155,0.8382800817489624,0.9306377172470093,1.053446888923645,1.1762560606002808,1.2990652322769165,1.4218744039535522,1.544683575630188,1.6674927473068237,1.8353697061538696,2.003246784210205,2.1711230278015137,2.3389992713928223,2.506875514984131,2.6747517585754395,2.842628002166748,3.0105042457580566,3.325747489929199,3.640990734100342,4.022384166717529,4.403779029846191,4.7851738929748535,5.166568756103516,5.562979221343994,5.959389686584473,6.355800151824951,6.75221061706543,7.148621082305908,7.675860404968262,8.203100204467773,8.730341911315918,9.260774612426758],"ori_distance":[0.005505789071321487,0.09759390354156494,0.1896820217370987,0.28177013993263245,0.373858243227005,0.46594634652137756,0.5580344796180725,0.6501225829124451,0.7422106862068176,0.8342987895011902,0.9263868927955627,1.0277128219604492,1.1290388107299805,1.2303647994995117,1.331690788269043,1.4330167770385742,1.5343427658081055,1.6493468284606934,1.7643508911132813,1.8793549537658691,1.994359016418457,2.109362840652466,2.2243664264678955,2.339370012283325,2.454373598098755,2.6931779384613037,2.9319822788238525,3.2199461460113525,3.5079100131988525,3.7958738803863525,4.08383846282959,4.379719257354736,4.675600051879883,4.971480846405029,5.267361640930176,5.563242435455322,6.065757751464844,6.568273067474365,7.070788383483887,7.577863693237305],"ori_surface":[0.008722621947526932,0.12786993384361267,0.2470172643661499,0.36616456508636475,0.4853118658065796,0.6044591665267944,0.7236065864562988,0.8427540063858032,0.9619014263153076,1.081048846244812,1.2001961469650269,1.3629995584487915,1.5258029699325562,1.6886063814163208,1.8514097929000854,2.0142130851745605,2.177016258239746,2.408115863800049,2.6392154693603516,2.8703150749206543,3.101414680480957,3.3325142860412598,3.5636138916015625,3.7947134971618652,4.025813102722168,4.521281719207764,5.016750335693359,5.598658084869385,6.18056583404541,6.7624735832214355,7.344381332397461,7.944392681121826,8.544403076171875,9.144412994384766,9.744422912597656,10.344432830810547,11.203265190124512,12.062097549438477,12.920929908752441,13.784045219421387],"time_s":[130.90936279296875,142.5949249267578,154.68563842773438,171.12791442871094,204.2102813720703,216.877685546875,229.86322021484375,242.2067108154297,254.85748291015625,269.68817138671875,281.19561767578125,292.1588439941406,303.41937255859375,314.81707763671875,326.4913024902344,395.8652038574219,407.95135498046875,422.345458984375,434.0522766113281,475.86474609375,497.3880615234375,512.8938598632813,524.4110717773438,535.5821533203125,546.7180786132813,558.5787963867188,570.7769165039063,581.566162109375,591.6464233398438,601.941650390625,613.5247192382813,624.2203369140625,634.81396484375,645.2884521484375,655.7592163085938,666.5394897460938,678.6314086914063,691.9109497070313,702.861083984375,722.26318359375],"timestep":[268.63299560546875,275.8370056152344,283.1719970703125,294.02099609375,317.8550109863281,325.7650146484375,333.9830017089844,341.5199890136719,349.48699951171875,359.0989990234375,366.34600830078125,373.1470031738281,380.1300048828125,387.36199951171875,394.3940124511719,445.97100830078125,452.50201416015625,461.4549865722656,468.989013671875,501.62298583984375,520.593017578125,531.7570190429688,538.8569946289063,545.9749755859375,552.7680053710938,560.3510131835938,568.0609741210938,574.4869995117188,580.5009765625,586.5969848632813,593.72998046875,600.239013671875,605.60302734375,611.5800170898438,617.6489868164063,623.9149780273438,631.6199951171875,640.1729736328125,646.5819702148438,660.5819702148438]}