{"opi":[0.024390242993831635,0.024390242993831635,0.024390242993831635,0.024390242993831635,0.024390242993831635],"ori_confidence":[0.015069261193275452,0.030138522386550903,0.045207783579826355,0.06027704477310181,0.07534630596637726],"ori_distance":[0.01539838407188654,0.03079676814377308,0.04619515314698219,0.06159353628754616,0.07699192315340042],"ori_surface":[0.02231491170823574,0.04462982341647148,0.06694473326206207,0.08925964683294296,0.11157456040382385],"time_s":[174.044189453125,225.0941162109375,259.052734375,292.16119384765625,325.8216857910156],"timestep":[245.45199584960938,283.48699951171875,307.4289855957031,330.8840026855469,354.49700927734375]}