{"opi":[0.1428571492433548,0.1428571492433548,0.1428571492433548,0.1428571492433548,0.1428571492433548,0.1428571492433548,0.1428571492433548,0.1428571492433548,0.1428571492433548,0.1428571492433548,0.1428571492433548,0.1428571492433548,0.1428571492433548,0.1428571492433548,0.1428571492433548,0.1428571492433548,0.1428571492433548,0.1428571492433548,0.1428571492433548,0.1428571492433548,0.1428571492433548,0.1428571492433548,0.1428571492433548,0.1428571492433548,0.1428571492433548,0.1428571492433548,0.1428571492433548,0.1428571492433548,0.1428571492433548,0.1428571492433548,0.1428571492433548,0.1428571492433548,0.1428571492433548,0.1428571492433548,0.1428571492433548,0.1428571492433548],"ori_confidence":[0.03723748400807381,0.07447496801614761,0.11171244829893112,0.14894993603229523,0.18618743121623993,0.22342492640018463,0.26066240668296814,0.29789987206459045,0.33513733744621277,0.3723748028278351,0.4096122682094574,0.4468497335910797,0.484087198972702,0.5213246941566467,0.558562159538269,0.5957996249198914,0.6330370903015137,0.670274555683136,0.7075120210647583,0.7447494864463806,0.7819869518280029,0.8192244172096252,0.8564618825912476,0.8936993479728699,0.9309368133544922,0.9681742787361145,1.0054117441177368,1.042649269104004,1.079886794090271,1.117124319076538,1.1543618440628052,1.1915993690490723,1.2288368940353394,1.2660744190216064,1.3033119440078735,1.3405494689941406],"ori_distance":[0.04464171081781387,0.08928342163562775,0.13392513990402222,0.1785668581724167,0.22320857644081116,0.26785027980804443,0.3124919831752777,0.357133686542511,0.40177538990974426,0.44641709327697754,0.4910587966442108,0.5357005000114441,0.5803422331809998,0.6249839663505554,0.6696256995201111,0.7142674326896667,0.7589091658592224,0.8035508990287781,0.8481926321983337,0.8928343653678894,0.9374760985374451,0.9821178317070007,1.0267595052719116,1.0714011192321777,1.1160427331924438,1.16068434715271,1.205325961112976,1.2499675750732422,1.2946091890335083,1.3392508029937744,1.3838924169540405,1.4285340309143066,1.4731756448745728,1.5178172588348389,1.562458872795105,1.607100486755371],"ori_surface":[0.051677003502845764,0.10335400700569153,0.1550310105085373,0.20670801401138306,0.2583850026130676,0.3100619912147522,0.36173897981643677,0.41341596841812134,0.4650929570198059,0.5167699456214905,0.5684469938278198,0.6201240420341492,0.6718010902404785,0.7234781384468079,0.7751551866531372,0.8268322348594666,0.8785092830657959,0.9301863312721252,0.9818633794784546,1.0335403680801392,1.0852173566818237,1.1368943452835083,1.1885713338851929,1.2402483224868774,1.291925311088562,1.3436022996902466,1.3952792882919312,1.4469562768936157,1.4986332654953003,1.5503102540969849,1.6019872426986694,1.653664231300354,1.7053412199020386,1.7570182085037231,1.8086951971054077,1.8603721857070923],"time_s":[383.1209411621094,393.5208435058594,406.15533447265625,420.6155700683594,434.411376953125,446.06915283203125,476.1570129394531,496.8160095214844,509.9246826171875,525.1444091796875,539.3946533203125,554.5191650390625,570.606689453125,584.2030639648438,599.2883911132813,614.1909790039063,631.356689453125,648.06884765625,663.3579711914063,730.8135986328125,747.2493286132813,761.6370239257813,776.23681640625,793.4910888671875,806.5274658203125,821.25390625,835.748291015625,849.4957275390625,863.4398193359375,878.0516357421875,894.7303466796875,908.7138671875,923.7941284179688,937.0520629882813,954.4391479492188,985.1180419921875],"timestep":[6956.60986328125,6962.26416015625,6968.72216796875,6975.31689453125,6982.5029296875,6988.51806640625,7005.5908203125,7016.72412109375,7022.88818359375,7030.4521484375,7037.509765625,7044.73095703125,7052.119140625,7057.9501953125,7065.13720703125,7072.26123046875,7080.9658203125,7089.52587890625,7097.14013671875,7137.47607421875,7145.2138671875,7152.18603515625,7159.18408203125,7167.6611328125,7173.9150390625,7180.5498046875,7187.455078125,7193.6328125,7200.166015625,7206.93212890625,7214.2587890625,7219.92822265625,7226.2958984375,7231.55810546875,7239.60693359375,7255.77099609375]}