{"opi":[0.17142857611179352,0.17142857611179352,0.17142857611179352,0.17142857611179352,0.17142857611179352,0.17142857611179352,0.17142857611179352,0.17142857611179352,0.17142857611179352,0.17142857611179352,0.17142857611179352,0.17142857611179352,0.17142857611179352,0.17142857611179352,0.17142857611179352,0.17142857611179352,0.17142857611179352,0.17142857611179352,0.17142857611179352,0.17142857611179352,0.17142857611179352,0.17142857611179352,0.17142857611179352,0.17142857611179352,0.17142857611179352,0.17142857611179352,0.17142857611179352,0.17142857611179352,0.17142857611179352,0.17142857611179352,0.17142857611179352,0.17142857611179352,0.48571428656578064,0.48571428656578064],"ori_confidence":[0.012041451409459114,0.024082902818918228,0.03612435609102249,0.048165805637836456,0.06020725518465042,0.07224870473146439,0.08429015427827835,0.09633160382509232,0.10837305337190628,0.12041450291872025,0.1324559599161148,0.14449740946292877,0.15653885900974274,0.1685803085565567,0.18062175810337067,0.19266320765018463,0.2047046571969986,0.21674610674381256,0.22878755629062653,0.2408290058374405,0.25287047028541565,0.2649119198322296,0.2769533693790436,0.28899481892585754,0.3010362684726715,0.3130777180194855,0.32511916756629944,0.3371606171131134,0.34920206665992737,0.36124351620674133,0.3732849657535553,0.38532641530036926,0.40041282773017883,0.4154992401599884],"ori_distance":[0.013847296126186848,0.027694592252373695,0.04154188930988312,0.05538918450474739,0.06923647969961166,0.08308377861976624,0.0969310775399208,0.11077837646007538,0.12462567538022995,0.13847297430038452,0.1523202657699585,0.16616755723953247,0.18001484870910645,0.19386214017868042,0.2077094316482544,0.22155672311782837,0.23540401458740234,0.24925130605697632,0.2630985975265503,0.27694588899612427,0.29079318046569824,0.3046404719352722,0.3184877634048462,0.33233505487442017,0.34618234634399414,0.3600296378135681,0.3738769292831421,0.38772422075271606,0.40157151222229004,0.415418803691864,0.429266095161438,0.44311338663101196,0.4602200984954834,0.47732681035995483],"ori_surface":[0.01963452808558941,0.03926905617117882,0.05890358239412308,0.07853811234235764,0.0981726422905922,0.11780717223882675,0.1374416947364807,0.15707622468471527,0.17671075463294983,0.1963452845811844,0.21597981452941895,0.2356143444776535,0.25524887442588806,0.2748833894729614,0.2945179045200348,0.31415241956710815,0.3337869346141815,0.3534214496612549,0.37305596470832825,0.3926904797554016,0.412324994802475,0.43195950984954834,0.4515940248966217,0.47122853994369507,0.49086305499076843,0.5104975700378418,0.5301321148872375,0.5497666597366333,0.569401204586029,0.5890357494354248,0.6086702942848206,0.6283048391342163,0.6531481742858887,0.677991509437561],"time_s":[444.0158386230469,463.2521667480469,482.4124755859375,501.73779296875,523.2901611328125,543.7504272460938,567.4183959960938,587.4811401367188,606.1467895507813,636.5692749023438,658.2113647460938,675.2593994140625,694.8955078125,714.5922241210938,732.030029296875,753.3645629882813,789.9594116210938,802.4632568359375,816.2958374023438,920.5455322265625,940.658447265625,961.408935546875,982.1596069335938,1004.220458984375,1023.9580688476563,1051.286376953125,1101.9171142578125,1126.7431640625,1146.5792236328125,1165.8682861328125,1187.9266357421875,1204.8731689453125,1223.7191162109375,1243.5140380859375],"timestep":[6939.05419921875,6946.92919921875,6955.18896484375,6962.81591796875,6971.4228515625,6979.162109375,6988.38818359375,6996.00390625,7002.3671875,7014.30908203125,7022.77392578125,7029.0859375,7036.09716796875,7043.083984375,7049.4267578125,7057.61376953125,7073.3330078125,7079.02490234375,7084.77685546875,7131.6708984375,7139.40380859375,7148.166015625,7156.9521484375,7166.23583984375,7175.10400390625,7188.52978515625,7214.55712890625,7226.08203125,7234.6650390625,7243.4150390625,7253.8310546875,7260.7470703125,7268.587890625,7276.01513671875]}