{"opi":[0.09090909361839294,0.09090909361839294,0.09090909361839294,0.09090909361839294,0.09090909361839294,0.09090909361839294,0.09090909361839294,0.4545454680919647,0.5454545617103577,0.6363636255264282,0.6363636255264282,0.6363636255264282,0.6363636255264282,0.6363636255264282,0.6363636255264282,0.6363636255264282,0.6363636255264282,0.6363636255264282,0.6363636255264282,0.6363636255264282,0.6363636255264282,0.6363636255264282,1.0909091234207153,1.0909091234207153,1.0909091234207153,1.0909091234207153,1.1818181276321411,1.1818181276321411,1.1818181276321411,1.1818181276321411,1.1818181276321411,1.1818181276321411,1.1818181276321411,1.1818181276321411,1.1818181276321411,1.1818181276321411,1.3636363744735718,1.3636363744735718,1.3636363744735718,1.3636363744735718,1.3636363744735718,1.545454502105713,1.6363636255264282,1.7272727489471436],"ori_confidence":[0.09158328920602798,0.18316657841205597,0.27474987506866455,0.3663331866264343,0.4579164981842041,0.5494997501373291,0.6410830020904541,0.7342575788497925,0.9753963947296143,1.2635302543640137,1.551664113998413,1.8397979736328125,2.127932071685791,2.4160661697387695,2.704200267791748,2.9923343658447266,3.280468463897705,3.5686025619506836,3.856736660003662,4.144870758056641,4.433005332946777,4.721139907836914,5.066145896911621,5.411151885986328,5.756157875061035,6.101163864135742,6.500967025756836,6.90077018737793,7.300573348999023,7.700376510620117,8.100179672241211,8.499981880187988,8.899784088134766,9.299586296081543,9.69938850402832,10.099190711975098,10.51557445526123,10.931958198547363,11.348341941833496,11.764725685119629,12.181109428405762,12.673699378967285,13.387345314025879,14.276942253112793],"ori_distance":[0.11855971068143845,0.2371194213628769,0.35567912459373474,0.4742388427257538,0.5927985310554504,0.7113582491874695,0.8299179673194885,0.9515854716300964,1.1914522647857666,1.5024573802947998,1.813462495803833,2.124467611312866,2.4354732036590576,2.746478796005249,3.0574843883514404,3.368489980697632,3.6794955730438232,3.9905011653900146,4.301506519317627,4.612512111663818,4.92351770401001,5.234523296356201,5.59499454498291,5.955465793609619,6.315937042236328,6.676408290863037,7.086867332458496,7.497326374053955,7.907785415649414,8.318243026733398,8.728699684143066,9.139156341552734,9.549612998962402,9.96006965637207,10.370526313781738,10.780982971191406,11.209747314453125,11.638511657714844,12.067276000976563,12.496040344238281,12.9248046875,13.426084518432617,14.107536315917969,14.929901123046875],"ori_surface":[0.1731191724538803,0.3462383449077606,0.5193575024604797,0.6924766898155212,0.8655958771705627,1.0387150049209595,1.2118340730667114,1.3879653215408325,1.7344714403152466,2.154658794403076,2.5748462677001953,2.9950337409973145,3.4152212142944336,3.8354086875915527,4.2555952072143555,4.675782203674316,5.095969200134277,5.516156196594238,5.936343193054199,6.35653018951416,6.776717185974121,7.196904182434082,7.708935260772705,8.220965385437012,8.732994079589844,9.245022773742676,9.831655502319336,10.418288230895996,11.004920959472656,11.591553688049316,12.178186416625977,12.764819145202637,13.351451873779297,13.938084602355957,14.524717330932617,15.111350059509277,15.727340698242188,16.343332290649414,16.959327697753906,17.5753231048584,18.19131851196289,18.91612434387207,19.913105010986328,21.113771438598633],"time_s":[-21.83553695678711,-10.223936080932617,-0.8995077610015869,7.848047256469727,18.43868637084961,28.826467514038086,39.747806549072266,47.998836517333984,58.55931854248047,69.59790802001953,97.0140380859375,117.51217651367188,130.94088745117188,140.069580078125,170.9500732421875,181.30223083496094,189.1599578857422,197.142822265625,222.39837646484375,231.9177703857422,241.2580108642578,251.23948669433594,261.01177978515625,270.10479736328125,279.9660339355469,287.15802001953125,296.1260681152344,304.65704345703125,316.3044738769531,327.2372131347656,342.5839538574219,351.8460388183594,362.95245361328125,372.60467529296875,396.9250793457031,420.10693359375,428.6980285644531,447.0932312011719,470.1102600097656,479.2614440917969,499.6099853515625,508.0153503417969,519.9627075195313,532.677490234375],"timestep":[1700.2669677734375,1711.0159912109375,1719.737060546875,1727.907958984375,1737.8270263671875,1747.4200439453125,1757.572021484375,1765.333984375,1775.405029296875,1785.97900390625,1812.89794921875,1832.9090576171875,1845.866943359375,1854.2230224609375,1884.31298828125,1894.134033203125,1901.4940185546875,1908.9119873046875,1933.6259765625,1942.498046875,1951.3719482421875,1960.89404296875,1970.155029296875,1978.739990234375,1988.08203125,1994.9300537109375,2003.4510498046875,2011.5040283203125,2022.56396484375,2032.97802734375,2047.7159423828125,2056.375,2066.802978515625,2076.02294921875,2099.799072265625,2122.407958984375,2130.595947265625,2148.551025390625,2170.98291015625,2179.52099609375,2199.162109375,2207.077880859375,2218.487060546875,2230.56201171875]}