{"opi":[0.13636364042758942,0.1818181872367859,0.1818181872367859,0.22727273404598236,0.27272728085517883,0.27272728085517883,0.27272728085517883,0.27272728085517883,0.27272728085517883,0.27272728085517883,0.27272728085517883,0.4545454680919647,0.4545454680919647,0.4545454680919647,0.5,0.5454545617103577,0.5454545617103577,0.5454545617103577,0.5454545617103577,0.5454545617103577,0.5909090638160706,0.6363636255264282,0.6363636255264282,0.6363636255264282,0.6363636255264282,0.6363636255264282,0.6363636255264282,0.6363636255264282,0.6363636255264282,0.6363636255264282,0.6363636255264282,0.6363636255264282,0.7727272510528564,0.7727272510528564,0.7727272510528564],"ori_confidence":[0.07632701098918915,0.27844005823135376,0.4805530905723572,0.7837238907814026,1.1866968870162964,1.5896698236465454,1.9926427602767944,2.395615577697754,2.798588514328003,3.201561450958252,3.604534387588501,4.10029935836792,4.59606409072876,5.0918288230896,5.59868860244751,6.12227201461792,6.64585542678833,7.16943883895874,7.69302225112915,8.216606140136719,8.741756439208984,9.387344360351563,10.03293228149414,10.678520202636719,11.324108123779297,11.969696044921875,12.615283966064453,13.260871887207031,13.90645980834961,14.552047729492188,15.197635650634766,15.843223571777344,16.512147903442383,17.18107032775879,17.849992752075195],"ori_distance":[0.03662262484431267,0.1620877981185913,0.28755298256874084,0.4809609651565552,0.7473297715187073,1.0136985778808594,1.2800673246383667,1.546436071395874,1.8128048181533813,2.0791735649108887,2.3455424308776855,2.6630191802978516,2.9804959297180176,3.2979726791381836,3.6274209022521973,3.9716010093688965,4.3157806396484375,4.6599602699279785,5.0041399002075195,5.3483195304870605,5.693984031677246,6.140369892120361,6.586755752563477,7.033141613006592,7.479527473449707,7.925913333892822,8.372299194335938,8.818685531616211,9.265071868896484,9.711458206176758,10.157844543457031,10.604230880737305,11.071168899536133,11.538106918334961,12.005044937133789],"ori_surface":[0.08769884705543518,0.3276580572128296,0.5676172375679016,0.9349911212921143,1.4414609670639038,1.9479308128356934,2.4544007778167725,2.9608707427978516,3.4673407077789307,3.9738106727600098,4.480280876159668,5.112968921661377,5.745656967163086,6.378345012664795,7.032761573791504,7.714726448059082,8.396690368652344,9.078655242919922,9.7606201171875,10.442584991455078,11.126712799072266,11.999200820922852,12.871688842773438,13.744176864624023,14.61666488647461,15.489152908325195,16.36163902282715,17.234121322631836,18.106603622436523,18.97908592224121,19.8515682220459,20.724050521850586,21.628461837768555,22.532873153686523,23.437284469604492],"time_s":[108.17021179199219,118.430908203125,127.30412292480469,151.43795776367188,163.52603149414063,173.9324493408203,183.50909423828125,190.85816955566406,201.11392211914063,209.56692504882813,217.97344970703125,225.7732696533203,242.0269317626953,256.2135314941406,269.51318359375,283.7945556640625,296.9472351074219,311.0432434082031,320.6190185546875,337.9194641113281,364.10028076171875,377.52130126953125,388.7852478027344,416.4524230957031,428.33306884765625,454.18292236328125,500.276611328125,525.1246948242188,541.219970703125,584.7528686523438,611.3826904296875,623.5779418945313,637.6514282226563,650.521484375,665.7440185546875],"timestep":[1743.7440185546875,1753.3089599609375,1761.636962890625,1785.2860107421875,1796.6710205078125,1806.4859619140625,1815.4969482421875,1822.4439697265625,1832.178955078125,1840.2740478515625,1848.2430419921875,1855.60595703125,1871.5059814453125,1885.10498046875,1897.79296875,1911.2640380859375,1923.904052734375,1936.9720458984375,1945.9849853515625,1962.7020263671875,1988.373046875,2001.2469482421875,2012.02197265625,2039.1280517578125,2050.39892578125,2075.697998046875,2121.172119140625,2145.445068359375,2161.123046875,2203.8720703125,2229.886962890625,2241.511962890625,2254.98095703125,2267.302001953125,2282.10400390625]}
