{"opi":[0.0826446305621754,0.0826446305621754,0.0826446305621754,0.0826446305621754,0.0826446305621754,0.1652892611243508,0.1652892611243508,0.20661157640543848,0.2479338916865262,0.2479338916865262,0.2892561934211037,0.2892561934211037,0.2892561934211037,0.2892561934211037,0.2892561934211037,0.2892561934211037,0.2892561934211037,0.3305785222487016,0.3305785222487016,0.3305785222487016,0.3305785222487016,0.3305785222487016,0.3305785222487016,0.41322315281087696,0.45454545454545453,0.45454545454545453,0.45454545454545453,0.45454545454545453,0.45454545454545453,0.45454545454545453,0.45454545454545453,0.45454545454545453,0.45454545454545453,0.45454545454545453],"ori_confidence":[0.0325327031314373,0.0650654062628746,0.0975981056690216,0.1301308125257492,0.1626635193824768,0.21309205889701843,0.26352059841156006,0.4143485426902771,0.5683519840240479,0.7223553657531738,0.9223566055297852,1.122357964515686,1.322359323501587,1.5223606824874878,1.7223620414733887,1.9223634004592896,2.1223645210266113,2.403268337249756,2.6841721534729004,2.965075969696045,3.2459797859191895,3.526883602142334,3.8077874183654785,4.206089973449707,4.62440824508667,5.042726516723633,5.461044788360596,5.879363059997559,6.2976813316345215,6.715999603271484,7.134317874908447,7.55263614654541,7.970954418182373,8.389272689819336],"ori_distance":[0.04284287244081497,0.08568574488162994,0.1285286247730255,0.1713714897632599,0.21421435475349426,0.28251680731773376,0.35081925988197327,0.5192049741744995,0.689657986164093,0.8601109981536865,1.0562118291854858,1.2523126602172852,1.4484134912490845,1.6445143222808838,1.840615153312683,2.0367159843444824,2.2328171730041504,2.521912097930908,2.811007022857666,3.100101947784424,3.3891968727111816,3.6782917976379395,3.9673867225646973,4.360682487487793,4.7753520011901855,5.190021991729736,5.604691982269287,6.019361972808838,6.434031963348389,6.8487019538879395,7.26337194442749,7.678041934967041,8.092711448669434,8.507378578186035],"ori_surface":[0.062322188168764114,0.12464437633752823,0.18696656823158264,0.24928875267505646,0.3116109371185303,0.40667152404785156,0.5017321109771729,0.7259045839309692,0.9538710117340088,1.1818373203277588,1.4618732929229736,1.7419092655181885,2.0219452381134033,2.301980972290039,2.582016706466675,2.8620524406433105,3.1420881748199463,3.5332956314086914,3.9245030879974365,4.31571102142334,4.706918716430664,5.098126411437988,5.4893341064453125,6.013396263122559,6.569056034088135,7.124715805053711,7.680375576019287,8.236035346984863,8.791696548461914,9.347357749938965,9.903018951416016,10.458680152893066,11.014341354370117,11.570002555847168],"time_s":[50.92979049682617,61.876808166503906,72.00177001953125,82.12163543701172,91.76913452148438,101.07624053955078,109.78166961669922,119.65140533447266,128.51136779785156,136.78074645996094,145.7838134765625,154.2179718017578,167.39788818359375,179.5923309326172,202.05999755859375,228.55685424804688,241.0070343017578,249.2411346435547,263.81427001953125,273.3749694824219,289.20062255859375,296.682373046875,307.1301574707031,317.77435302734375,327.7375183105469,338.8975830078125,348.51641845703125,357.7685852050781,373.67913818359375,385.8747863769531,395.2253112792969,421.4971618652344,433.25799560546875,442.48321533203125],"timestep":[1702.1610107421875,1712.6099853515625,1722.0970458984375,1731.595947265625,1740.64794921875,1749.4739990234375,1757.66796875,1767.0059814453125,1775.2120361328125,1783.1199951171875,1791.68994140625,1799.10302734375,1811.927001953125,1823.343994140625,1844.863037109375,1870.7869873046875,1882.7659912109375,1890.56494140625,1904.616943359375,1913.6070556640625,1928.8480224609375,1935.93798828125,1945.8759765625,1955.8990478515625,1965.1300048828125,1975.698974609375,1984.6920166015625,1993.4510498046875,2008.8570556640625,2020.614990234375,2029.2939453125,2054.867919921875,2066.202880859375,2074.9580078125]}
