{"opi":[0.27272728085517883,0.27272728085517883,0.27272728085517883,0.27272728085517883,0.27272728085517883,0.27272728085517883,0.27272728085517883,0.27272728085517883,0.4545454680919647,0.4545454680919647,0.4545454680919647,0.4545454680919647,0.4545454680919647,0.4545454680919647,0.4545454680919647,0.4545454680919647,0.4545454680919647,0.5454545617103577,0.5454545617103577,0.5454545617103577],"ori_confidence":[0.06268411874771118,0.12536823749542236,0.18805235624313354,0.2507364749908447,0.3134205937385559,0.3761047124862671,0.43878883123397827,0.5014729499816895,0.7384172677993774,0.9753615856170654,1.2123057842254639,1.4492499828338623,1.6861941814422607,1.9231383800506592,2.1600828170776367,2.3970272541046143,2.633971691131592,2.904869318008423,3.175766944885254,3.446664571762085],"ori_distance":[0.07284418493509293,0.14568836987018585,0.21853256225585938,0.2913767397403717,0.36422091722488403,0.43706509470939636,0.5099092721939087,0.5827534794807434,0.8282806873321533,1.073807954788208,1.3193352222442627,1.5648624897003174,1.810389757156372,2.0559167861938477,2.3014438152313232,2.546970844268799,2.7924978733062744,3.079841136932373,3.3671844005584717,3.6545276641845703],"ori_surface":[0.08916257321834564,0.17832514643669128,0.26748770475387573,0.35665029287338257,0.4458128809928894,0.5349754691123962,0.6241380572319031,0.7133006453514099,1.0167593955993652,1.3202180862426758,1.6236767768859863,1.9271354675292969,2.2305941581726074,2.534052848815918,2.8375115394592285,3.140970230102539,3.4444289207458496,3.803462505340576,4.162496566772461,4.521530628204346],"time_s":[287.8739013671875,315.3247985839844,352.6421203613281,364.4624328613281,376.34893798828125,387.82171630859375,405.47412109375,418.49371337890625,429.55035400390625,443.3136901855469,455.26300048828125,466.2524108886719,477.2814636230469,490.8211364746094,502.9522399902344,515.5140991210938,525.8585205078125,536.7454223632813,548.0623168945313,557.3290405273438],"timestep":[1884.54296875,1907.5150146484375,1938.6099853515625,1947.2220458984375,1955.85205078125,1963.970947265625,1977.7249755859375,1987.2960205078125,1995.1510009765625,2005.251953125,2013.60302734375,2021.0269775390625,2028.6309814453125,2038.7049560546875,2047.4449462890625,2055.81298828125,2062.958984375,2070.596923828125,2078.488037109375,2085.72509765625]}