{"opi":[0.0476190485060215,0.0476190485060215,0.0476190485060215,0.0476190485060215,0.0476190485060215,0.0476190485060215,0.0476190485060215,0.0476190485060215,0.0476190485060215,0.0476190485060215,0.0476190485060215,0.190476194024086,0.190476194024086,0.190476194024086,0.190476194024086,0.190476194024086,0.190476194024086,0.190476194024086,0.190476194024086,0.190476194024086,0.190476194024086,0.190476194024086,0.190476194024086,0.190476194024086,0.190476194024086],"ori_confidence":[0.001112953294068575,0.00222590658813715,0.0033388598822057247,0.0044518131762743,0.0055647664703428745,0.006677719764411449,0.007790673058480024,0.0089036263525486,0.010016579180955887,0.011129532009363174,0.012242484837770462,0.022608818486332893,0.032975152134895325,0.04334148392081261,0.05370781570672989,0.06407414376735687,0.06407414376735687,0.06407414376735687,0.06407414376735687,0.06407414376735687,0.06407414376735687,0.06407414376735687,0.06407414376735687,0.06407414376735687,0.06407414376735687],"ori_distance":[0.002097998047247529,0.004195996094495058,0.006293994374573231,0.008391992188990116,0.010489990003407001,0.012587987817823887,0.014685985632240772,0.016783984377980232,0.018881982192397118,0.020979980006814003,0.02307797782123089,0.03173676133155823,0.040395546704530716,0.049054332077503204,0.05771311745047569,0.06637190282344818,0.06637190282344818,0.06637190282344818,0.06637190282344818,0.06637190282344818,0.06637190282344818,0.06637190282344818,0.06637190282344818,0.06637190282344818,0.06637190282344818],"ori_surface":[0.0014303401112556458,0.0028606802225112915,0.004291020333766937,0.005721360445022583,0.007151700556278229,0.008582040667533875,0.01001238077878952,0.011442720890045166,0.012873061001300812,0.014303401112556458,0.015733741223812103,0.027476906776428223,0.03922007232904434,0.05096323788166046,0.06270640343427658,0.0744495615363121,0.0744495615363121,0.0744495615363121,0.0744495615363121,0.0744495615363121,0.0744495615363121,0.0744495615363121,0.0744495615363121,0.0744495615363121,0.0744495615363121],"time_s":[1064.7943115234375,1111.107177734375,1153.719970703125,1195.331298828125,1236.026611328125,1278.9378662109375,1331.22265625,1370.059326171875,1407.718994140625,1445.45654296875,1489.7928466796875,1528.8160400390625,1569.0882568359375,1608.212158203125,1647.194580078125,1684.6441650390625,1722.111083984375,1767.789306640625,1810.256103515625,1846.7264404296875,1896.677001953125,1954.881591796875,1997.9649658203125,2043.1734619140625,2191.013916015625],"timestep":[2164.4580078125,2176.4169921875,2186.840087890625,2197.5830078125,2208.075927734375,2218.846923828125,2232.700927734375,2242.876953125,2253.507080078125,2264.321044921875,2279.761962890625,2290.1669921875,2301.5458984375,2312.424072265625,2322.966064453125,2332.56494140625,2342.447998046875,2355.01806640625,2367.285888671875,2376.99609375,2390.97607421875,2410.5791015625,2420.98388671875,2432.090087890625,2473.9609375]}
