{"opi":[0.024390242993831635,0.024390242993831635,0.024390242993831635,0.024390242993831635,0.024390242993831635,0.0731707289814949,0.09756097197532654,0.12195122241973877,0.12195122241973877,0.17073170840740204,0.19512194395065308,0.19512194395065308,0.19512194395065308,0.19512194395065308,0.19512194395065308,0.2195121943950653,0.24390244483947754,0.26829269528388977,0.2926829159259796,0.2926829159259796,0.31707316637039185,0.3414634168148041,0.3414634168148041,0.3414634168148041,0.3414634168148041,0.4390243887901306,0.4390243887901306,0.4390243887901306,0.5121951103210449,0.5121951103210449,0.5365853905677795,0.5365853905677795,0.5853658318519592,0.6097561120986938],"ori_confidence":[0.19607889652252197,0.39215776324272156,0.5882366895675659,0.7843156456947327,0.9803946018218994,1.2577353715896606,1.7167131900787354,2.3031811714172363,2.8896491527557373,3.4767751693725586,4.118259429931641,4.759743690490723,5.401227951049805,6.042712211608887,6.684196472167969,7.550601959228516,8.445589065551758,9.367526054382324,10.317010879516602,11.266495704650879,12.22117805480957,13.313172340393066,14.405166625976563,15.497160911560059,16.58915901184082,17.84731101989746,19.1054630279541,20.363615036010742,21.968814849853516,23.57401466369629,25.180023193359375,26.78603172302246,28.502504348754883,30.277942657470703],"ori_distance":[0.23885351419448853,0.47770699858665466,0.7165605425834656,0.9554141163825989,1.1942676305770874,1.5134105682373047,1.996590256690979,2.5541677474975586,3.1117448806762695,3.6697511672973633,4.246077537536621,4.822404861450195,5.3987321853637695,5.975059509277344,6.551386833190918,7.300281524658203,8.063679695129395,8.840178489685059,9.62996768951416,10.419756889343262,11.212492942810059,12.14397144317627,13.07544994354248,14.006928443908691,14.938406944274902,15.98792552947998,17.03744125366211,18.086957931518555,19.47210693359375,20.857255935668945,22.24270248413086,23.628149032592773,25.075101852416992,26.56615447998047],"ori_surface":[0.3187585473060608,0.6375170946121216,0.9562756419181824,1.2750341892242432,1.5937929153442383,2.000197410583496,2.6199607849121094,3.3854167461395264,4.15087366104126,4.917125225067139,5.753432750701904,6.58974027633667,7.4260478019714355,8.26235294342041,9.098657608032227,10.195223808288574,11.324373245239258,12.483807563781738,13.674110412597656,14.864413261413574,16.061349868774414,17.502437591552734,18.943525314331055,20.384613037109375,21.825700759887695,23.5253849029541,25.225069046020508,26.924753189086914,29.237125396728516,31.549497604370117,33.86302185058594,36.176551818847656,38.625946044921875,41.14093780517578],"time_s":[136.417236328125,145.1795654296875,156.92538452148438,167.3275604248047,176.58673095703125,184.59144592285156,205.28330993652344,215.4846954345703,225.96939086914063,236.24398803710938,246.82400512695313,257.15478515625,266.9474792480469,277.21044921875,286.0086364746094,297.3081970214844,307.6225280761719,318.20050048828125,392.6655578613281,404.43316650390625,414.5689697265625,424.385498046875,443.9335632324219,456.5924987792969,466.7146301269531,477.8189392089844,486.8440246582031,496.66290283203125,514.7381591796875,531.8651123046875,543.7855834960938,554.7788696289063,564.8681640625,577.5851440429688],"timestep":[267.2449951171875,275.37200927734375,286.468994140625,296.1310119628906,304.43499755859375,311.6400146484375,331.10699462890625,340.0580139160156,349.0950012207031,358.1619873046875,367.718994140625,376.8999938964844,385.3949890136719,394.50799560546875,402.18701171875,412.1990051269531,421.3240051269531,430.55499267578125,501.9460144042969,512.3510131835938,521.197021484375,529.989013671875,548.3359985351563,559.9979858398438,569.2069702148438,579.2050170898438,587.302978515625,596.3759765625,613.3670043945313,629.135986328125,639.7680053710938,649.6060180664063,658.448974609375,669.781005859375]}