{"opi":[0.024390242993831635,0.04878048598766327,0.0731707289814949,0.09756097197532654,0.12195122241973877,0.1463414579629898,0.17073170840740204,0.19512194395065308,0.2195121943950653,0.24390244483947754,0.24390244483947754,0.2926829159259796,0.31707316637039185,0.3414634168148041,0.3658536672592163,0.39024388790130615,0.4146341383457184,0.4390243887901306,0.46341463923454285,0.4878048896789551,0.5121951103210449,0.5365853905677795,0.5365853905677795,0.5365853905677795,0.5609756112098694,0.5853658318519592,0.5853658318519592,0.6097561120986938,0.6341463327407837,0.6341463327407837,0.6341463327407837,0.707317054271698,0.707317054271698,0.7317073345184326],"ori_confidence":[0.029934760183095932,0.11304926127195358,0.23787274956703186,0.4302925169467926,0.6573144197463989,0.9643014669418335,1.3336178064346313,1.706455945968628,2.2277462482452393,2.8434157371520996,3.45908522605896,4.221561431884766,5.037784099578857,5.936874866485596,6.913693904876709,7.975123405456543,9.12326717376709,10.384537696838379,11.66568660736084,13.039372444152832,14.496520042419434,15.98222827911377,17.46793556213379,18.953645706176758,20.441999435424805,21.934049606323242,23.42609977722168,24.92180061340332,26.41888999938965,27.915979385375977,29.413068771362305,30.918960571289063,32.42485427856445,33.95058059692383],"ori_distance":[0.03871491178870201,0.11454681307077408,0.2301327884197235,0.4017127752304077,0.5972214937210083,0.8371129035949707,1.1064127683639526,1.3807120323181152,1.764311671257019,2.200969696044922,2.637627601623535,3.1518800258636475,3.7075207233428955,4.3163652420043945,4.97541618347168,5.686683654785156,6.451613903045654,7.281280994415283,8.127429008483887,9.027514457702637,9.982645988464355,10.9537992477417,11.924952507019043,12.896105766296387,13.86967658996582,14.846451759338379,15.823226928710938,16.803192138671875,17.784761428833008,18.76633071899414,19.747900009155273,20.739667892456055,21.731435775756836,22.752248764038086],"ori_surface":[0.041143130511045456,0.14731070399284363,0.3134390711784363,0.5626148581504822,0.8646867275238037,1.2739259004592896,1.7513213157653809,2.2338860034942627,2.8900296688079834,3.6581223011016846,4.426214694976807,5.3627848625183105,6.358154773712158,7.449217319488525,8.629921913146973,9.90580940246582,11.28501033782959,12.793676376342773,14.333297729492188,15.976997375488281,17.725561141967773,19.509000778198242,21.29244041442871,23.07588005065918,24.862232208251953,26.652618408203125,28.443004608154297,30.23737335205078,32.033447265625,33.829532623291016,35.62561798095703,37.431461334228516,39.2373046875,41.073551177978516],"time_s":[135.5460662841797,146.14474487304688,163.93589782714844,177.09022521972656,186.45262145996094,203.02340698242188,216.49981689453125,226.3765106201172,239.33050537109375,250.81222534179688,260.9342041015625,271.0223388671875,279.4623718261719,289.7060852050781,301.98443603515625,313.2452392578125,323.197021484375,343.4566345214844,352.8945007324219,389.5194396972656,400.74334716796875,414.1575622558594,426.4463195800781,437.3503112792969,450.29632568359375,476.0426940917969,500.0732727050781,522.5100708007813,533.1299438476563,544.3092041015625,554.3906860351563,564.0393676757813,573.958984375,588.9017333984375],"timestep":[261.4989929199219,271.0920104980469,287.3699951171875,298.927001953125,307.10699462890625,322.5669860839844,335.0379943847656,343.6730041503906,355.49798583984375,365.7969970703125,374.93499755859375,383.9530029296875,391.4020080566406,400.6839904785156,411.8919982910156,421.87298583984375,430.79998779296875,449.7349853515625,458.1910095214844,492.9960021972656,503.0459899902344,515.2009887695313,526.5700073242188,536.4860229492188,548.75,573.6909790039063,596.8579711914063,618.2059936523438,627.885986328125,638.2239990234375,647.447021484375,656.2239990234375,665.2890014648438,678.97802734375]}