{"opi":[0.024390242993831635,0.04878048598766327,0.04878048598766327,0.09756097197532654,0.12195122241973877,0.1463414579629898,0.17073170840740204,0.19512194395065308,0.2195121943950653,0.24390244483947754,0.26829269528388977,0.2926829159259796,0.2926829159259796,0.2926829159259796,0.2926829159259796,0.2926829159259796,0.2926829159259796,0.3414634168148041,0.3658536672592163,0.39024388790130615,0.39024388790130615,0.39024388790130615,0.39024388790130615,0.39024388790130615,0.39024388790130615,0.5121951103210449,0.5365853905677795,0.5365853905677795,0.5365853905677795,0.5365853905677795,0.5365853905677795,0.5365853905677795,0.5365853905677795,0.707317054271698,0.7317073345184326],"ori_confidence":[0.058696042746305466,0.12926048040390015,0.19982491433620453,0.43029481172561646,0.9630110263824463,1.583327054977417,2.291553258895874,3.0693840980529785,3.8726773262023926,4.7807087898254395,5.774365425109863,6.873257637023926,7.972149848937988,9.071040153503418,10.169930458068848,11.268820762634277,12.367711067199707,13.550633430480957,14.810471534729004,16.080472946166992,17.35047149658203,18.62047004699707,19.89046859741211,21.16046714782715,22.430465698242188,23.70170783996582,25.20631217956543,26.71091651916504,28.21552085876465,29.720125198364258,31.224729537963867,32.729339599609375,34.23395919799805,35.78327560424805,37.53246307373047],"ori_distance":[0.0874369665980339,0.18836742639541626,0.289297878742218,0.5353608727455139,1.0261008739471436,1.5680965185165405,2.1612167358398438,2.7975828647613525,3.450040102005005,4.16373348236084,4.928077220916748,5.754107475280762,6.580137729644775,7.406167984008789,8.232194900512695,9.058219909667969,9.884244918823242,10.766372680664063,11.70108413696289,12.644805908203125,13.58852767944336,14.532249450683594,15.475971221923828,16.41970443725586,17.36343765258789,18.307498931884766,19.323143005371094,20.338787078857422,21.35443115234375,22.370075225830078,23.385719299316406,24.401363372802734,25.417007446289063,26.477811813354492,27.74864959716797],"ori_surface":[0.08640721440315247,0.18864011764526367,0.2908730208873749,0.6409783363342285,1.348790168762207,2.1558239459991455,3.061696767807007,4.054508686065674,5.077878952026367,6.221686840057373,7.4610443115234375,8.821722984313965,10.182404518127441,11.543086051940918,12.903767585754395,14.264449119567871,15.625130653381348,17.08685874938965,18.646556854248047,20.224050521850586,21.801544189453125,23.379037857055664,24.956531524658203,26.534025192260742,28.11151885986328,29.690645217895508,31.593164443969727,33.49568557739258,35.398197174072266,37.30070877075195,39.20322036743164,41.10573196411133,43.008243560791016,44.95905303955078,47.152671813964844],"time_s":[82.9775161743164,96.10433197021484,107.84375762939453,122.32472229003906,131.038818359375,144.01388549804688,154.39315795898438,166.01849365234375,178.20571899414063,191.8703155517578,213.2259063720703,224.1499786376953,232.16748046875,248.0476531982422,260.5564880371094,269.2831115722656,280.43389892578125,294.6733703613281,303.53179931640625,316.5700988769531,326.46832275390625,337.0065612792969,345.3664855957031,360.0827331542969,372.38037109375,381.8617248535156,395.5271911621094,407.1268005371094,417.4645080566406,433.7358703613281,445.8421936035156,464.7956237792969,478.75408935546875,492.7000732421875,504.71844482421875],"timestep":[228.54400634765625,240.16200256347656,251.04400634765625,264.2829895019531,271.97900390625,283.77099609375,293.11700439453125,303.5199890136719,314.47100830078125,326.9330139160156,346.9429931640625,356.6960144042969,363.8219909667969,378.4440002441406,389.91900634765625,397.6340026855469,407.17999267578125,419.9169921875,427.7860107421875,439.5140075683594,448.0780029296875,457.42401123046875,465.15899658203125,478.83099365234375,489.5979919433594,497.7139892578125,509.8919982910156,520.2960205078125,529.8159790039063,544.9509887695313,556.1939697265625,574.4130249023438,587.1389770507813,599.875,610.7230224609375]}