{"opi":[0.0476190485060215,0.095238097012043,0.1428571492433548,0.190476194024086,0.2380952388048172,0.2857142984867096,0.3333333432674408,0.3333333432674408,0.3333333432674408,0.3333333432674408,0.3333333432674408,0.3333333432674408,0.3333333432674408,0.3333333432674408,0.3333333432674408,0.3333333432674408,0.3333333432674408,0.3333333432674408,0.3333333432674408,0.3333333432674408,0.3333333432674408,0.3333333432674408,0.3333333432674408,0.3333333432674408,0.3333333432674408,0.3333333432674408,0.3333333432674408,0.3333333432674408,0.3333333432674408,0.3333333432674408,0.3333333432674408,0.3333333432674408],"ori_confidence":[0.0011387425474822521,0.004205902107059956,0.009243677370250225,0.01603766717016697,0.024600287899374962,0.035122036933898926,0.047546546906232834,0.05997105687856674,0.07239556312561035,0.08482006937265396,0.09724457561969757,0.10966908186674118,0.12209358811378479,0.134518101811409,0.1469426304101944,0.1593671590089798,0.1717916876077652,0.1842162162065506,0.196640744805336,0.2090652734041214,0.2214898020029068,0.2339143306016922,0.2463388592004776,0.2587633430957794,0.27118784189224243,0.28361234068870544,0.29603683948516846,0.30846133828163147,0.3208858370780945,0.3333103358745575,0.3457348346710205,0.3581593334674835],"ori_distance":[0.0016926313983276486,0.005220165941864252,0.010585615411400795,0.017768381163477898,0.026772502809762955,0.0376153402030468,0.05029601603746414,0.06297669559717178,0.07565737515687943,0.08833805471658707,0.10101873427629471,0.11369941383600235,0.1263800859451294,0.13906075060367584,0.1517414152622223,0.16442207992076874,0.17710274457931519,0.18978340923786163,0.20246407389640808,0.21514473855495453,0.22782540321350098,0.24050606787204742,0.25318676233291626,0.2658674418926239,0.27854812145233154,0.2912288010120392,0.3039094805717468,0.31659016013145447,0.3292708396911621,0.34195151925086975,0.3546321988105774,0.36731287837028503],"ori_surface":[0.0016490999842062593,0.006037433166056871,0.01316926907747984,0.02301371656358242,0.03557654097676277,0.05088335648179054,0.0689324364066124,0.08698151260614395,0.1050305888056755,0.12307966500520706,0.14112871885299683,0.1591777801513672,0.17722684144973755,0.1952759027481079,0.21332496404647827,0.23137402534484863,0.249423086643219,0.26747217774391174,0.2855212688446045,0.30357035994529724,0.32161945104599,0.33966854214668274,0.3577176332473755,0.37576672434806824,0.393815815448761,0.41186490654945374,0.4299139976501465,0.44796308875083923,0.466012179851532,0.48406127095222473,0.5021103620529175,0.5201594829559326],"time_s":[182.44224548339844,271.1545104980469,292.590576171875,313.8775634765625,335.144287109375,364.68695068359375,405.8671875,428.8139953613281,451.0733947753906,472.0362548828125,494.71661376953125,516.7192993164063,538.073486328125,560.3663940429688,582.4879760742188,624.7987670898438,646.9848022460938,668.943359375,701.1110229492188,753.7816772460938,774.0267333984375,868.340087890625,908.485595703125,926.830810546875,948.761962890625,1024.3692626953125,1089.4932861328125,1107.49658203125,1205.2254638671875,1252.1466064453125,1282.1558837890625,1304.2152099609375],"timestep":[1937.14599609375,1988.343017578125,1999.0460205078125,2009.4530029296875,2019.7960205078125,2035.261962890625,2057.06005859375,2068.35400390625,2079.087890625,2089.134033203125,2100.1669921875,2110.781005859375,2120.8310546875,2131.68994140625,2142.4560546875,2164.64501953125,2175.166015625,2185.75,2202.35693359375,2231.18603515625,2241.06103515625,2295.172119140625,2318.798095703125,2329.860107421875,2340.697998046875,2384.7900390625,2422.571044921875,2430.781005859375,2488.678955078125,2515.131103515625,2531.01708984375,2542.077880859375]}