{"opi":[0.05714285746216774,0.08571428805589676,0.08571428805589676,0.08571428805589676,0.08571428805589676,0.08571428805589676,0.08571428805589676,0.08571428805589676,0.08571428805589676,0.08571428805589676,0.08571428805589676,0.08571428805589676,0.08571428805589676,0.08571428805589676,0.08571428805589676,0.08571428805589676,0.08571428805589676,0.17142857611179352,0.17142857611179352,0.17142857611179352,0.17142857611179352,0.17142857611179352,0.17142857611179352,0.17142857611179352,0.17142857611179352,0.20000000298023224,0.20000000298023224,0.22857142984867096,0.2571428716182709,0.2571428716182709],"ori_confidence":[0.02161549963057041,0.0631415918469429,0.10466767847537994,0.14619377255439758,0.18771986663341522,0.22924596071243286,0.2707720696926117,0.31229814887046814,0.3538242280483246,0.39535030722618103,0.4368763864040375,0.4784024655818939,0.519928514957428,0.5614545941352844,0.6029806733131409,0.6445067524909973,0.6860328316688538,0.7740260362625122,0.8620192408561707,0.9500124454498291,1.0380057096481323,1.1259989738464355,1.2139922380447388,1.301985502243042,1.3899787664413452,1.482730746269226,1.575482726097107,1.6756142377853394,1.7832226753234863,1.8908311128616333],"ori_distance":[0.0050843446515500546,0.014707881957292557,0.02433142066001892,0.033954959362745285,0.04357849434018135,0.053202029317617416,0.06282556802034378,0.07244911044836044,0.0820726528763771,0.09169619530439377,0.10131973773241043,0.1109432801604271,0.12056682258844376,0.13019035756587982,0.1398138850927353,0.14943741261959076,0.15906094014644623,0.25623589754104614,0.35341089963912964,0.45058590173721313,0.5477609038352966,0.6449358463287354,0.7421107888221741,0.8392857313156128,0.9364606738090515,1.040656566619873,1.144852638244629,1.2595391273498535,1.384641170501709,1.5097432136535645],"ori_surface":[0.024102887138724327,0.06980122625827789,0.11549956351518631,0.16119790077209473,0.20689623057842255,0.25259456038475037,0.298292875289917,0.343991219997406,0.389689564704895,0.43538790941238403,0.48108625411987305,0.5267846584320068,0.5724830627441406,0.6181814670562744,0.6638798713684082,0.709578275680542,0.7552766799926758,0.8765448927879333,0.9978130459785461,1.1190812587738037,1.240349531173706,1.3616178035736084,1.4828860759735107,1.604154348373413,1.7254226207733154,1.855904459953308,1.9863862991333008,2.1284866333007813,2.2821240425109863,2.4357614517211914],"time_s":[306.8538818359375,360.0365295410156,414.65673828125,491.71075439453125,534.6881103515625,577.6401977539063,617.4404296875,748.4008178710938,838.60791015625,880.0775756835938,923.5577392578125,964.807861328125,1041.5543212890625,1083.8265380859375,1130.5821533203125,1183.009765625,1223.72802734375,1296.66748046875,1367.1910400390625,1412.833984375,1459.3211669921875,1507.008056640625,1551.68115234375,1597.0523681640625,1643.4244384765625,1686.3115234375,1743.4957275390625,1838.7039794921875,1895.9644775390625,1990.2191162109375],"timestep":[6833.84912109375,6847.8671875,6862.40185546875,6881.55078125,6891.5439453125,6902.533203125,6912.966796875,6950.35791015625,6976.18115234375,6986.0517578125,6997.333984375,7007.3818359375,7026.11279296875,7036.576171875,7047.9951171875,7060.79296875,7069.96484375,7086.90185546875,7102.8759765625,7112.84521484375,7122.5927734375,7133.05517578125,7143.01220703125,7152.6689453125,7162.830078125,7172.2451171875,7185.39208984375,7209.2021484375,7222.9111328125,7247.1171875]}