{"opi":[0.024390242993831635,0.04878048598766327,0.0731707289814949,0.0731707289814949,0.0731707289814949,0.0731707289814949,0.0731707289814949,0.0731707289814949,0.0731707289814949,0.0731707289814949,0.0731707289814949,0.1463414579629898,0.1463414579629898,0.1463414579629898,0.1463414579629898,0.1463414579629898,0.1463414579629898,0.1463414579629898,0.1463414579629898,0.1463414579629898,0.1463414579629898,0.1463414579629898,0.1463414579629898,0.1463414579629898,0.1463414579629898,0.1463414579629898,0.1463414579629898,0.1463414579629898,0.1463414579629898,0.1463414579629898,0.3414634168148041,0.3414634168148041],"ori_confidence":[0.00033025769516825676,0.020608633756637573,0.1547623723745346,0.28891614079475403,0.42306992411613464,0.5572236776351929,0.6913774013519287,0.8255311250686646,0.9596848487854004,1.0938385725021362,1.2279921770095825,1.3649622201919556,1.5019322633743286,1.6389023065567017,1.7758723497390747,1.9128423929214478,2.049812078475952,2.186782121658325,2.3237521648406982,2.4607222080230713,2.5976922512054443,2.7346622943878174,2.8716323375701904,3.0086023807525635,3.1455724239349365,3.2825424671173096,3.4195125102996826,3.5564825534820557,3.6934525966644287,3.8304226398468018,3.976621389389038,4.122819900512695],"ori_distance":[0.0004489804559852928,0.036771632730960846,0.20479750633239746,0.3728233575820923,0.5408492088317871,0.7088750600814819,0.8769009113311768,1.0449267625808716,1.2129524946212769,1.3809782266616821,1.5490039587020874,1.7177916765213013,1.8865793943405151,2.0553672313690186,2.2241556644439697,2.392944097518921,2.561732530593872,2.7305209636688232,2.8993093967437744,3.0680978298187256,3.2368862628936768,3.405674695968628,3.574463129043579,3.7432515621185303,3.9120399951934814,4.0808281898498535,4.2496161460876465,4.4184041023254395,4.587192058563232,4.755980014801025,4.939676284790039,5.123372554779053],"ori_surface":[0.00037829444045200944,0.03697243332862854,0.27801787853240967,0.5190633535385132,0.7601087093353271,1.0011540651321411,1.2421995401382446,1.4832450151443481,1.7242904901504517,1.9653359651565552,2.206381320953369,2.4507341384887695,2.69508695602417,2.9394397735595703,3.1837925910949707,3.428145408630371,3.6724982261657715,3.916851043701172,4.161203861236572,4.405557155609131,4.6499104499816895,4.894263744354248,5.138617038726807,5.382970333099365,5.627323627471924,5.871676921844482,6.116030216217041,6.3603835105896,6.604736804962158,6.849090099334717,7.1108598709106445,7.372629642486572],"time_s":[309.7162170410156,588.2529296875,611.8405151367188,636.4820556640625,654.2710571289063,674.0643310546875,696.98681640625,716.5068969726563,733.2366943359375,752.109130859375,770.35009765625,791.0051879882813,810.2136840820313,835.3863525390625,855.9819946289063,876.6862182617188,895.5534057617188,913.7174072265625,932.5086059570313,960.8526611328125,983.7432861328125,1006.8600463867188,1029.73193359375,1051.65478515625,1081.8563232421875,1103.9327392578125,1125.107666015625,1145.7320556640625,1175.5731201171875,1202.2235107421875,1226.37841796875,1254.6861572265625],"timestep":[237.3159942626953,305.7900085449219,310.8420104980469,316.2950134277344,319.93499755859375,324.0369873046875,328.864990234375,332.989990234375,336.5090026855469,340.57598876953125,344.4020080566406,348.802001953125,352.8070068359375,358.2330017089844,362.59698486328125,366.9110107421875,370.8009948730469,374.49700927734375,378.4110107421875,384.62200927734375,389.4739990234375,394.2860107421875,398.83099365234375,403.4209899902344,409.84600830078125,414.57598876953125,418.85101318359375,423.03900146484375,429.72900390625,435.375,440.6029968261719,446.697998046875]}