{"opi":[0.024390242993831635,0.024390242993831635,0.024390242993831635,0.024390242993831635,0.09756097197532654,0.09756097197532654,0.09756097197532654,0.09756097197532654,0.09756097197532654,0.09756097197532654,0.09756097197532654,0.09756097197532654,0.09756097197532654,0.09756097197532654,0.09756097197532654,0.09756097197532654,0.09756097197532654,0.09756097197532654,0.12195122241973877,0.1463414579629898,0.17073170840740204,0.19512194395065308,0.2195121943950653,0.24390244483947754,0.26829269528388977,0.26829269528388977,0.26829269528388977,0.26829269528388977,0.26829269528388977,0.26829269528388977,0.39024388790130615,0.39024388790130615],"ori_confidence":[0.0517084114253521,0.1034168228507042,0.155125230550766,0.2068336457014084,0.34000271558761597,0.47317177057266235,0.6063408255577087,0.7395098805427551,0.8726789355278015,1.0058479309082031,1.1390169858932495,1.272186040878296,1.4053550958633423,1.5385241508483887,1.671693205833435,1.8048622608184814,1.9380313158035278,2.071200370788574,2.2200822830200195,2.40116286277771,2.6302571296691895,2.9330227375030518,3.3706955909729004,3.8099205493927,4.272135257720947,4.734348773956299,5.19656229019165,5.658775806427002,6.1209893226623535,6.583202838897705,7.04548978805542,7.507776737213135],"ori_distance":[0.07302778214216232,0.14605556428432465,0.21908333897590637,0.2921111285686493,0.4836239814758301,0.6751368045806885,0.8666496276855469,1.0581624507904053,1.2496752738952637,1.441188097000122,1.6327009201049805,1.8242137432098389,2.0157265663146973,2.2072393894195557,2.398752212524414,2.5902650356292725,2.781777858734131,2.9732906818389893,3.199268102645874,3.4798688888549805,3.827613592147827,4.2530364990234375,4.79769229888916,5.344340801239014,5.915081977844238,6.485823154449463,7.0565643310546875,7.627305507659912,8.198044776916504,8.768783569335938,9.339583396911621,9.910383224487305],"ori_surface":[0.07126452773809433,0.14252905547618866,0.2137935757637024,0.2850581109523773,0.5088953375816345,0.7327325344085693,0.9565697312355042,1.1804070472717285,1.4042441844940186,1.6280813217163086,1.8519184589385986,2.0757555961608887,2.2995927333831787,2.5234298706054688,2.747267007827759,2.971104145050049,3.194941282272339,3.418778419494629,3.6695964336395264,3.9641122817993164,4.321422100067139,4.764277935028076,5.385494232177734,6.009710311889648,6.669850826263428,7.329991340637207,7.990131855010986,8.650274276733398,9.310416221618652,9.970558166503906,10.630805015563965,11.291051864624023],"time_s":[306.0215759277344,331.75299072265625,351.85577392578125,395.1518859863281,416.79052734375,455.4029235839844,473.6253967285156,518.3929443359375,540.1033935546875,559.7769775390625,593.5242309570313,617.9229736328125,681.364013671875,741.0374755859375,772.298828125,1019.58544921875,1039.733154296875,1062.4549560546875,1087.9815673828125,1136.255859375,1224.4129638671875,1287.3739013671875,1314.9111328125,1334.4373779296875,1364.97607421875,1434.16259765625,1465.208740234375,1486.3681640625,1522.6328125,1549.96240234375,1578.498046875,1730.8072509765625],"timestep":[225.08799743652344,230.2519989013672,234.23599243164063,243.99600219726563,248.3470001220703,256.8269958496094,260.31201171875,270.3009948730469,274.5010070800781,278.3609924316406,285.635986328125,290.32501220703125,304.8290100097656,318.24798583984375,324.8240051269531,385.09698486328125,388.8810119628906,393.3919982910156,398.52398681640625,409.3160095214844,430.4989929199219,445.1860046386719,450.802001953125,454.39599609375,460.5669860839844,476.1969909667969,482.010009765625,485.8330078125,492.7359924316406,497.83099365234375,503.3630065917969,539.7869873046875]}