{"opi":[0.0413223152810877,0.0826446305621754,0.0826446305621754,0.0826446305621754,0.0826446305621754,0.0826446305621754,0.1239669458432631,0.1652892611243508,0.20661157640543848,0.20661157640543848,0.20661157640543848,0.20661157640543848,0.20661157640543848,0.20661157640543848,0.20661157640543848,0.20661157640543848,0.20661157640543848,0.20661157640543848,0.20661157640543848,0.20661157640543848,0.20661157640543848,0.20661157640543848,0.20661157640543848,0.20661157640543848,0.20661157640543848,0.20661157640543848,0.20661157640543848,0.20661157640543848,0.20661157640543848,0.20661157640543848],"ori_confidence":[0.01083805225789547,0.03140883147716522,0.05197961628437042,0.07255040109157562,0.09312118589878082,0.11369197070598602,0.14525559544563293,0.18688976764678955,0.2876904308795929,0.38849112391471863,0.48929181694984436,0.5900924205780029,0.6908929944038391,0.7916935682296753,0.8924941420555115,0.9932947158813477,1.0940955877304077,1.1948964595794678,1.2956973314285278,1.396498203277588,1.497299075126648,1.598099946975708,1.698900818824768,1.7997016906738281,1.9005025625228882,2.0013034343719482,2.1021039485931396,2.202904462814331,2.3037049770355225,2.404505491256714],"ori_distance":[0.01537381112575531,0.04543127864599228,0.07548874616622925,0.10554621368646622,0.13560368120670319,0.16566115617752075,0.20850640535354614,0.264560341835022,0.3692772388458252,0.4739941358566284,0.5787110328674316,0.6834279298782349,0.7881448268890381,0.8928617238998413,0.9975786209106445,1.1022953987121582,1.2070121765136719,1.3117289543151855,1.4164457321166992,1.521162509918213,1.6258792877197266,1.7305960655212402,1.835312843322754,1.9400296211242676,2.044746160507202,2.1494626998901367,2.2541792392730713,2.358895778656006,2.4636123180389404,2.568328857421875],"ori_surface":[0.017070047557353973,0.05044779181480408,0.08382553607225418,0.11720328032970428,0.1505810171365738,0.1839587539434433,0.23457705974578857,0.3030044436454773,0.45608341693878174,0.6091623902320862,0.7622414231300354,0.9153204560279846,1.0683996677398682,1.2214787006378174,1.3745577335357666,1.5276367664337158,1.680715799331665,1.8337948322296143,1.9868738651275635,2.1399526596069336,2.2930314540863037,2.446110248565674,2.599189043045044,2.752267837524414,2.905346632003784,3.0584254264831543,3.2115042209625244,3.3645830154418945,3.5176618099212646,3.6707406044006348],"time_s":[349.64739990234375,414.9122314453125,511.8026123046875,562.259033203125,613.8968505859375,681.5013427734375,759.3065185546875,826.4490966796875,923.6963500976563,973.568603515625,1029.6116943359375,1080.32763671875,1134.2666015625,1193.578369140625,1244.2952880859375,1305.1048583984375,1354.577880859375,1408.6658935546875,1457.927978515625,1506.635498046875,1562.9200439453125,1608.0919189453125,1652.0135498046875,1717.9014892578125,1791.6964111328125,1869.73876953125,1935.0352783203125,1980.065673828125,2040.4417724609375,2128.9580078125],"timestep":[1789.7080078125,1815.5389404296875,1849.552978515625,1866.196044921875,1884.613037109375,1906.5379638671875,1935.5810546875,1956.719970703125,1990.4580078125,2006.6619873046875,2026.0460205078125,2040.5260009765625,2060.3359375,2081.39111328125,2097.0810546875,2117.01806640625,2132.4599609375,2151.873046875,2166.72900390625,2181.990966796875,2201.3310546875,2217.178955078125,2233.56298828125,2262.4541015625,2292.2919921875,2321.35595703125,2348.510986328125,2364.485107421875,2387.198974609375,2421.761962890625]}
