{"opi":[0.0476190485060215,0.095238097012043,0.1428571492433548,0.190476194024086,0.2380952388048172,0.2857142984867096,0.2857142984867096,0.2857142984867096,0.2857142984867096,0.2857142984867096,0.2857142984867096,0.2857142984867096,0.2857142984867096,0.2857142984867096,0.2857142984867096,0.2857142984867096,0.2857142984867096,0.2857142984867096,0.2857142984867096,0.2857142984867096,0.2857142984867096,0.2857142984867096,0.2857142984867096,0.2857142984867096,0.2857142984867096,0.2857142984867096,0.2857142984867096,0.2857142984867096,0.3333333432674408,0.3333333432674408,0.3333333432674408,0.3333333432674408,0.3333333432674408],"ori_confidence":[0.0007329328800551593,0.002373216673731804,0.0049408599734306335,0.008457102812826633,0.012869966216385365,0.01816319301724434,0.02345641702413559,0.02874964103102684,0.03404286503791809,0.03933608904480934,0.04462931305170059,0.04992253705859184,0.05521576106548309,0.060508985072374344,0.06580221652984619,0.07109545171260834,0.07638868689537048,0.08168192207813263,0.08697515726089478,0.09226839244365692,0.09756162762641907,0.10285486280918121,0.10814809799194336,0.1134413331747055,0.11873456835746765,0.1240278035402298,0.12932102382183075,0.1346142292022705,0.14261050522327423,0.15060678124427795,0.15860305726528168,0.1665993332862854,0.17459560930728912],"ori_distance":[0.0014207798521965742,0.004333773627877235,0.008742197416722775,0.014640442095696926,0.022035691887140274,0.030923694372177124,0.039811696857213974,0.048699699342250824,0.057587701827287674,0.06647570431232452,0.07536371052265167,0.08425171673297882,0.09313972294330597,0.10202772915363312,0.11091573536396027,0.11980374157428741,0.12869174778461456,0.1375797539949417,0.14646776020526886,0.155355766415596,0.16424377262592316,0.1731317788362503,0.18201978504657745,0.1909077912569046,0.19979579746723175,0.2086838036775589,0.21757180988788605,0.2264598160982132,0.23793023824691772,0.24940066039562225,0.2608710527420044,0.27234143018722534,0.2838118076324463],"ori_surface":[0.001427151495590806,0.004353150725364685,0.008781153708696365,0.014705471694469452,0.022133242338895798,0.0310601145029068,0.0399869866669178,0.0489138588309288,0.057840730994939804,0.0667676031589508,0.0756944790482521,0.0846213549375534,0.0935482308268547,0.102475106716156,0.1114019826054573,0.1203288584947586,0.1292557269334793,0.1381826102733612,0.1471094936132431,0.156036376953125,0.1649632602930069,0.1738901436328888,0.1828170269727707,0.1917439103126526,0.20067079365253448,0.20959767699241638,0.21852456033229828,0.22745144367218018,0.24035540223121643,0.2532593607902527,0.26616328954696655,0.2790672183036804,0.2919711470603943],"time_s":[327.2500915527344,348.8293762207031,370.1001892089844,389.04705810546875,411.24444580078125,430.081787109375,446.2957763671875,468.9892578125,491.1684265136719,514.7692260742188,535.4857788085938,559.1144409179688,650.1837158203125,672.9402465820313,694.5396728515625,717.0153198242188,731.92919921875,754.810546875,776.69580078125,809.1570434570313,831.28955078125,852.8759765625,875.8399658203125,897.807861328125,918.8563232421875,945.7539672851563,968.5989379882813,984.5496215820313,1001.22607421875,1032.61279296875,1100.92724609375,1121.145263671875,1143.4388427734375],"timestep":[2001.4830322265625,2011.9840087890625,2022.3409423828125,2032.6939697265625,2043.64599609375,2059.160888671875,2066.681884765625,2077.964111328125,2088.77294921875,2100.367919921875,2110.263916015625,2121.826904296875,2171.840087890625,2182.93505859375,2193.34912109375,2204.1689453125,2210.656005859375,2221.84912109375,2232.64794921875,2249.4609375,2260.37890625,2270.693115234375,2281.89111328125,2292.447021484375,2302.321044921875,2315.243896484375,2326.18798828125,2332.75,2340.123046875,2354.52392578125,2368.7958984375,2378.781982421875,2390.68994140625]}