{"opi":[0.0826446305621754, 0.1239669458432631, 0.1652892611243508, 0.20661157640543848, 0.2479338916865262, 0.2479338916865262, 0.2479338916865262, 0.2479338916865262, 0.2479338916865262, 0.2479338916865262, 0.2479338916865262, 0.2479338916865262, 0.2479338916865262, 0.2479338916865262, 0.2479338916865262, 0.2479338916865262, 0.2479338916865262, 0.2479338916865262, 0.2479338916865262, 0.2479338916865262, 0.2479338916865262, 0.2479338916865262, 0.2479338916865262, 0.2479338916865262, 0.2479338916865262, 0.2479338916865262, 0.2479338916865262, 0.2479338916865262, 0.2479338916865262, 0.2479338916865262, 0.2479338916865262, 0.2479338916865262],"ori_confidence":[0.13011786341667175,0.38750535249710083,0.7734889388084412,1.2885160446166992,1.8162633180618286,2.344010829925537,2.871758460998535,3.399506092071533,3.9272537231445313,4.455001354217529,4.982748508453369,5.510495662689209,6.038242816925049,6.565989971160889,7.0937371253967285,7.621484279632568,8.14923095703125,8.676977157592773,9.204723358154297,9.73246955871582,10.260215759277344,10.787961959838867,11.31570816040039,11.843454360961914,12.371200561523438,12.898946762084961,13.426692962646484,13.954439163208008,14.482185363769531,15.009931564331055,15.537677764892578,16.06542205810547],"ori_distance":[0.09894639253616333,0.30722373723983765,0.6258907914161682,1.0551482439041138,1.4976645708084106,1.9401808977127075,2.382697582244873,2.825214385986328,3.267731189727783,3.7102479934692383,4.152764320373535,4.595280647277832,5.037796974182129,5.480313301086426,5.922829627990723,6.3653459548950195,6.807862281799316,7.250378608703613,7.69289493560791,8.135412216186523,8.57792854309082,9.020444869995117,9.462961196899414,9.905477523803711,10.347993850708008,10.790510177612305,11.233026504516602,11.675542831420898,12.118059158325195,12.560575485229492,13.003091812133789,13.445608139038086],"ori_surface":[0.1481008380651474,0.4454340636730194,0.8934566974639893,1.4924519062042236,2.1090173721313477,2.725583076477051,3.342148780822754,3.958714485168457,4.575279712677002,5.191844940185547,5.808410167694092,6.424975395202637,7.041540622711182,7.658105850219727,8.27467155456543,8.89123821258545,9.507803916931152,10.124369621276855,10.740935325622559,11.357501029968262,11.974066734313965,12.590632438659668,13.207198143005371,13.823763847351074,14.440329551696777,15.05689525604248,15.673460960388184,16.290027618408203,16.906593322753906,17.52315902709961,18.139724731445313,18.756290435791016],"time_s":[765.7025146484375,785.6943359375,803.8001708984375,821.3232421875,846.57763671875,868.008544921875,885.6083374023438,912.748779296875,929.6746826171875,947.8526000976563,965.5909423828125,985.3784790039063,1001.84765625,1032.1102294921875,1055.1898193359375,1072.4775390625,1090.818359375,1154.6298828125,1169.3297119140625,1601.2921142578125,1677.9398193359375,1706.88037109375,1715.6993408203125,1755.311767578125,1776.1151123046875,1791.56689453125,1852.6280517578125,1868.0234375,1886.433837890625,1904.0389404296875,1923.00390625,1974.544189453125],"timestep":[2100.467041015625,2112.68798828125,2123.343017578125,2133.699951171875,2149.14697265625,2162.2470703125,2171.905029296875,2189.5869140625,2199.81494140625,2210.5830078125,2221.239013671875,2232.410888671875,2242.152099609375,2260.532958984375,2274.47705078125,2284.7060546875,2295.56298828125,2338.787109375,2346.68408203125,2650.1708984375,2719.89208984375,2745.284912109375,2752.508056640625,2788.5810546875,2805.863037109375,2817.0048828125,2870.43994140625,2880.0419921875,2890.886962890625,2900.406982421875,2914.18310546875,2959.867919921875]}
