{"opi":[0.2892561934211037, 0.3305785222487016, 0.3719008239832791, 0.41322315281087696, 0.45454545454545453, 0.4958677833730524, 0.5371900580146095, 0.5785123868422074, 0.6198347156698053, 0.6611570444974032, 0.7024793191389603, 0.7024793191389603, 0.7024793191389603, 0.7024793191389603, 0.7024793191389603, 0.7024793191389603, 0.7024793191389603, 0.7024793191389603, 0.7024793191389603, 0.9917355667461047, 1.0330578413876619, 1.074380116029219, 1.1157024990428577, 1.1157024990428577, 1.1157024990428577, 1.1157024990428577, 1.1157024990428577, 1.1157024990428577, 1.1157024990428577, 1.1157024990428577, 1.1157024990428577],"ori_confidence":[0.029099129140377045,0.08870113641023636,0.17890572547912598,0.2996363043785095,0.4500318765640259,0.6368963122367859,0.860754668712616,1.121292233467102,1.416316270828247,1.7455731630325317,2.1104953289031982,2.475417375564575,2.840339422225952,3.205261468887329,3.570183515548706,3.935105562210083,4.300028324127197,4.664951801300049,5.0298752784729,5.452831745147705,5.956725120544434,6.689056873321533,7.576835632324219,8.46461296081543,9.352386474609375,10.24015998840332,11.127933502197266,12.015707015991211,12.903480529785156,13.791254043579102,14.679027557373047],"ori_distance":[0.028182227164506912,0.08448294550180435,0.16885915398597717,0.28140684962272644,0.42211097478866577,0.5979430079460144,0.8091652989387512,1.0557206869125366,1.3377162218093872,1.655072808265686,2.0077381134033203,2.360403537750244,2.713068962097168,3.065734386444092,3.4183998107910156,3.7710652351379395,4.12373161315918,4.476396560668945,4.829061508178711,5.235413551330566,5.709088325500488,6.3502397537231445,7.113334655761719,7.876429557800293,8.63952350616455,9.402619361877441,10.165715217590332,10.928811073303223,11.691906929016113,12.455002784729004,13.218098640441895],"ori_surface":[0.046490639448165894,0.13937151432037354,0.2785769999027252,0.46427202224731445,0.6964390277862549,0.9865905046463013,1.3351744413375854,1.7421027421951294,2.2075634002685547,2.731433391571045,3.3136301040649414,3.895826816558838,4.478022575378418,5.060218811035156,5.6424150466918945,6.224611282348633,6.806807518005371,7.389003753662109,7.971199989318848,8.642183303833008,9.42465591430664,10.484221458435059,11.721158981323242,12.958096504211426,14.19503402709961,15.431971549987793,16.668914794921875,17.905860900878906,19.142807006835938,20.37975311279297,21.61669921875],"time_s":[438.10211181640625,446.0162048339844,462.66656494140625,477.8681640625,489.84515380859375,502.80816650390625,529.2800903320313,538.8250732421875,554.9974975585938,572.8737182617188,592.8882446289063,609.1343994140625,633.0548706054688,648.5057983398438,665.9976806640625,679.7454833984375,695.1273193359375,720.1248168945313,736.9140014648438,761.021240234375,780.17236328125,809.6822509765625,828.1044311523438,841.7815551757813,868.8948974609375,878.2567749023438,890.6123046875,898.5428466796875,908.0302734375,923.3308715820313,940.9425659179688],"timestep":[1971.802001953125,1978.18701171875,1992.176025390625,2005.364013671875,2015.6729736328125,2026.654052734375,2049.824951171875,2057.906005859375,2072.037109375,2087.791015625,2099.7470703125,2107.93603515625,2121.68603515625,2128.77490234375,2138.3701171875,2145.714111328125,2153.8369140625,2168.375,2177.595947265625,2192.116943359375,2203.2900390625,2221.636962890625,2230.7470703125,2237.654052734375,2253.534912109375,2259.2470703125,2269.626953125,2275.89990234375,2283.638916015625,2291.882080078125,2301.3369140625]}
