{"opi":[0.0476190485060215,0.0476190485060215,0.0476190485060215,0.0476190485060215,0.095238097012043,0.095238097012043,0.190476194024086,0.190476194024086,0.190476194024086,0.2380952388048172,0.2380952388048172,0.2380952388048172,0.2380952388048172,0.2380952388048172,0.2380952388048172,0.2380952388048172,0.2380952388048172,0.2380952388048172,0.2380952388048172,0.2380952388048172,0.2380952388048172,0.2380952388048172,0.2380952388048172,0.2380952388048172,0.2380952388048172,0.2380952388048172,0.2380952388048172,0.2380952388048172,0.3333333432674408,0.3333333432674408,0.3333333432674408,0.3333333432674408,0.380952388048172,0.380952388048172],"ori_confidence":[0.1369594931602478,0.2739189863204956,0.4108784794807434,0.5478379726409912,0.7280334234237671,0.908228874206543,1.186659812927246,1.4650905132293701,1.7435212135314941,2.0336251258850098,2.3237292766571045,2.613833427429199,2.903937578201294,3.1940417289733887,3.4841458797454834,3.774250030517578,4.064354419708252,4.354458332061768,4.644562244415283,4.934666156768799,5.2247700691223145,5.51487398147583,5.804977893829346,6.095081806182861,6.385185718536377,6.675289630889893,6.965393543243408,7.255497455596924,7.547999858856201,7.8405022621154785,8.133005142211914,8.425507545471191,8.80588150024414,9.18625545501709],"ori_distance":[0.15210169553756714,0.3042033910751343,0.4563050866127014,0.6084067821502686,0.7980350255966187,0.9876632690429688,1.2789628505706787,1.5702624320983887,1.8615620136260986,2.1630494594573975,2.464536666870117,2.766023874282837,3.0675110816955566,3.3689982891082764,3.670485496520996,3.971972703933716,4.273460388183594,4.574947834014893,4.876435279846191,5.17792272567749,5.479410171508789,5.780897617340088,6.082385063171387,6.3838725090026855,6.685359954833984,6.986847400665283,7.288334846496582,7.589822292327881,7.893682956695557,8.197545051574707,8.501408576965332,8.805272102355957,9.2055025100708,9.605732917785645],"ori_surface":[0.21161043643951416,0.42322084307670593,0.6348312497138977,0.8464416265487671,1.1205296516418457,1.3946177959442139,1.8214328289031982,2.2482476234436035,2.6750621795654297,3.1175436973571777,3.560025215148926,4.002506732940674,4.4449896812438965,4.887472629547119,5.329955577850342,5.7724385261535645,6.214921474456787,6.65740442276001,7.099887371063232,7.542370319366455,7.984853267669678,8.427332878112793,8.869812965393066,9.31229305267334,9.754773139953613,10.197253227233887,10.63973331451416,11.082213401794434,11.528302192687988,11.974390983581543,12.420479774475098,12.866568565368652,13.418795585632324,13.971022605895996],"time_s":[79.55133819580078,91.22195434570313,114.3406982421875,139.96981811523438,153.58905029296875,209.48043823242188,244.33901977539063,259.46533203125,273.9815979003906,285.43048095703125,302.5461120605469,328.7457580566406,341.9657287597656,355.03155517578125,368.34722900390625,381.5748291015625,395.0460205078125,409.73638916015625,421.8390808105469,433.133544921875,443.3468322753906,454.67706298828125,467.73736572265625,481.1966247558594,494.5626220703125,508.903076171875,520.6852416992188,531.5782470703125,542.4939575195313,555.2926635742188,567.26318359375,578.5572509765625,591.5807495117188,609.6497192382813],"timestep":[1933.802001953125,1944.1109619140625,1966.4639892578125,1991.364990234375,2003.9429931640625,2058.43603515625,2091.861083984375,2105.991943359375,2119.68701171875,2130.2509765625,2146.330078125,2171.44091796875,2183.64306640625,2195.85302734375,2208.0849609375,2220.281982421875,2232.822998046875,2246.633056640625,2257.986083984375,2268.4609375,2277.89794921875,2288.31396484375,2300.446044921875,2312.634033203125,2325.10107421875,2338.60595703125,2349.339111328125,2359.248046875,2369.2890625,2381.095947265625,2392.153076171875,2402.508056640625,2414.762939453125,2431.69189453125]}