{"opi":[0.1428571492433548,0.190476194024086,0.190476194024086,0.190476194024086,0.190476194024086,0.190476194024086,0.190476194024086,0.190476194024086,0.190476194024086,0.190476194024086,0.3333333432674408,0.3333333432674408,0.3333333432674408,0.3333333432674408,0.3333333432674408,0.380952388048172,0.380952388048172,0.4285714328289032,0.4761904776096344,0.4761904776096344,0.4761904776096344,0.4761904776096344,0.523809552192688,0.523809552192688,0.5714285969734192,0.5714285969734192,0.6190476417541504,0.6190476417541504,0.6190476417541504,0.6666666865348816,0.7142857313156128,0.7142857313156128,0.7142857313156128,0.761904776096344,0.8095238208770752,0.8571428656578064],"ori_confidence":[0.13828736543655396,0.4133094847202301,0.6883316040039063,0.9633537530899048,1.2383757829666138,1.5133978128433228,1.7884198427200317,2.063441753387451,2.3384640216827393,2.6134862899780273,2.89198899269104,3.1704916954040527,3.4489943981170654,3.727497100830078,4.00600004196167,4.290225028991699,4.5744500160217285,4.860118865966797,5.151172637939453,5.442226409912109,5.733280181884766,6.024333953857422,6.3186726570129395,6.613011360168457,6.908617973327637,7.204224586486816,7.501417636871338,7.798610687255859,8.095805168151855,8.42075252532959,8.75582218170166,9.09089183807373,9.4259614944458,9.819292068481445,10.226619720458984,10.694003105163574],"ori_distance":[0.1171669214963913,0.35155776143074036,0.5859485864639282,0.8203394412994385,1.0547302961349487,1.2891212701797485,1.5235122442245483,1.7579032182693481,1.992294192314148,2.226685047149658,2.4625470638275146,2.698409080505371,2.9342710971832275,3.170133113861084,3.4059951305389404,3.645595073699951,3.885195016860962,4.126260757446289,4.368692874908447,4.6111249923706055,4.853557109832764,5.095989227294922,5.340310573577881,5.58463191986084,5.8293137550354,6.073995590209961,6.319156169891357,6.564316749572754,6.80947732925415,7.082258224487305,7.365778923034668,7.649299621582031,7.9328203201293945,8.252285957336426,8.580227851867676,8.950334548950195],"ori_surface":[0.2479434609413147,0.7434231042861938,1.2389028072357178,1.7343823909759521,2.2298619747161865,2.725341558456421,3.2208211421966553,3.7163007259368896,4.211780548095703,4.707260608673096,5.207043647766113,5.706826686859131,6.206609725952148,6.706392765045166,7.206175804138184,7.712989807128906,8.219801902770996,8.728292465209961,9.24360466003418,9.758916854858398,10.274229049682617,10.789541244506836,11.308807373046875,11.828073501586914,12.348945617675781,12.869817733764648,13.392443656921387,13.915069580078125,14.437695503234863,15.010333061218262,15.598556518554688,16.18677520751953,16.774993896484375,17.44375228881836,18.1324405670166,18.919662475585938],"time_s":[209.70909118652344,362.2481689453125,378.4859924316406,403.6758728027344,458.0361328125,483.01580810546875,505.7576599121094,519.9512329101563,546.637939453125,559.66162109375,573.4151000976563,589.143310546875,602.5914916992188,619.670654296875,646.4658813476563,658.1232299804688,673.5783081054688,691.3839721679688,704.3204956054688,717.11083984375,730.5538330078125,753.205322265625,768.293701171875,798.2013549804688,813.2675170898438,825.2305297851563,835.7083740234375,846.2064819335938,856.5467529296875,866.1351318359375,876.1006469726563,886.6012573242188,896.6683349609375,907.1661376953125,919.08056640625,929.72509765625],"timestep":[2040.4010009765625,2191.153076171875,2206.406982421875,2230.799072265625,2283.748046875,2307.85205078125,2329.5390625,2342.610107421875,2368.3720703125,2380.35888671875,2393.02099609375,2407.632080078125,2420.1640625,2436.125,2461.64794921875,2472.072021484375,2486.404052734375,2503.047119140625,2514.673095703125,2526.31005859375,2538.97412109375,2560.695068359375,2574.52197265625,2603.091064453125,2617.14208984375,2628.2529296875,2637.89208984375,2647.364990234375,2656.714111328125,2665.60107421875,2674.89794921875,2684.430908203125,2693.6240234375,2703.10302734375,2713.8759765625,2723.677978515625]}