{"opi":[0.095238097012043,0.1428571492433548,0.1428571492433548,0.1428571492433548,0.1428571492433548,0.1428571492433548,0.1428571492433548,0.2380952388048172,0.2380952388048172,0.2380952388048172,0.2857142984867096,0.2857142984867096,0.2857142984867096,0.2857142984867096,0.3333333432674408,0.3333333432674408,0.3333333432674408,0.380952388048172,0.380952388048172,0.4285714328289032,0.4761904776096344,0.4761904776096344,0.4761904776096344,0.4761904776096344,0.4761904776096344,0.523809552192688,0.523809552192688,0.523809552192688,0.523809552192688,0.6190476417541504,0.6666666865348816,0.7142857313156128,0.7142857313156128,0.7142857313156128,0.7142857313156128,0.761904776096344,0.761904776096344,0.761904776096344,0.761904776096344,0.761904776096344,0.761904776096344],"ori_confidence":[0.0018423405708745122,0.00422631623223424,0.006610292475670576,0.008994268253445625,0.011378243565559387,0.013762218877673149,0.01614619418978691,0.021578973159193993,0.027011752128601074,0.03244452923536301,0.09266413748264313,0.15288375318050385,0.21310333907604218,0.2733229398727417,0.363873153924942,0.45442336797714233,0.544973611831665,0.6361244320869446,0.7272752523422241,0.8212573528289795,0.9183318018913269,1.0154061317443848,1.1124807596206665,1.2095553874969482,1.30663001537323,1.4073452949523926,1.5080605745315552,1.6087758541107178,1.7094911336898804,1.8107675313949585,1.9143646955490112,2.0246152877807617,2.1348655223846436,2.2451157569885254,2.3553659915924072,2.547746181488037,2.740126371383667,2.932506561279297,3.1248867511749268,3.3172669410705566,3.5096471309661865],"ori_distance":[0.0015997278969734907,0.003655743785202503,0.005711758974939585,0.007767774630337954,0.00982378888875246,0.011879803612828255,0.013935818336904049,0.01742970384657383,0.020923594012856483,0.024417484179139137,0.0933109000325203,0.162204310297966,0.2310977280139923,0.2999911308288574,0.40150728821754456,0.5030234456062317,0.6045395731925964,0.7066846489906311,0.8088297247886658,0.9142442941665649,1.0205516815185547,1.1268590688705444,1.2331664562225342,1.339473843574524,1.4457812309265137,1.5554677248001099,1.665154218673706,1.7748407125473022,1.8845272064208984,1.9944343566894531,2.106055736541748,2.224018096923828,2.341980457305908,2.4599428176879883,2.5779051780700684,2.7441458702087402,2.910386562347412,3.076627254486084,3.242867946624756,3.4091086387634277,3.5753493309020996],"ori_surface":[0.00237949937582016,0.005431779660284519,0.008484059944748878,0.011536340229213238,0.014588621445000172,0.01764090172946453,0.020693182945251465,0.027388140559196472,0.03408309817314148,0.04077805578708649,0.15522967278957367,0.26968130469322205,0.384132981300354,0.4985846281051636,0.659651517868042,0.8207183480262756,0.9817851781845093,1.1437137126922607,1.3056422472000122,1.4718496799468994,1.6420849561691284,1.8123202323913574,1.9825555086135864,2.1527907848358154,2.323026180267334,2.497380018234253,2.671733856201172,2.846087694168091,3.0204415321350098,3.1955502033233643,3.3735666275024414,3.5608699321746826,3.748173236846924,3.935476541519165,4.122779369354248,4.402981758117676,4.6831841468811035,4.963386535644531,5.243588924407959,5.523791313171387,5.8039937019348145],"time_s":[187.81588745117188,199.9345245361328,209.11834716796875,219.43463134765625,229.3943634033203,238.74449157714844,248.99545288085938,258.8632507324219,268.1568908691406,277.9556579589844,287.0444030761719,297.1252746582031,307.39202880859375,317.7819519042969,326.3255310058594,337.29266357421875,348.34918212890625,365.6072082519531,378.9719543457031,389.36541748046875,398.8309326171875,410.0656433105469,420.3522033691406,430.8126525878906,441.4888610839844,453.5243835449219,463.22613525390625,486.67877197265625,517.39892578125,529.3438110351563,538.0740966796875,547.271240234375,557.2210693359375,568.1216430664063,580.3163452148438,592.1203002929688,603.5065307617188,613.33935546875,638.0828247070313,662.3168334960938,674.498046875],"timestep":[2037.4150390625,2048.376953125,2056.910888671875,2066.427001953125,2075.446044921875,2084.030029296875,2093.264892578125,2102.212890625,2110.8291015625,2119.876953125,2128.278076171875,2137.60791015625,2146.969970703125,2156.5859375,2164.3720703125,2174.597900390625,2184.527099609375,2200.85498046875,2213.39697265625,2223.08203125,2231.6220703125,2241.83203125,2251.3720703125,2260.97607421875,2270.926025390625,2281.9580078125,2290.719970703125,2313.35595703125,2342.986083984375,2353.20703125,2361.214111328125,2369.740966796875,2379.10791015625,2389.093994140625,2400.2509765625,2411.1298828125,2421.85791015625,2430.85595703125,2454.784912109375,2478.10107421875,2489.448974609375]}