{"opi":[0.08571428805589676,0.08571428805589676,0.08571428805589676,0.08571428805589676,0.08571428805589676,0.08571428805589676,0.08571428805589676,0.08571428805589676,0.08571428805589676,0.08571428805589676,0.08571428805589676,0.08571428805589676,0.08571428805589676,0.08571428805589676,0.08571428805589676,0.08571428805589676,0.08571428805589676,0.08571428805589676,0.08571428805589676,0.08571428805589676,0.08571428805589676,0.08571428805589676,0.08571428805589676,0.08571428805589676,0.08571428805589676,0.08571428805589676,0.08571428805589676,0.08571428805589676,0.08571428805589676,0.08571428805589676,0.08571428805589676,0.20000000298023224],"ori_confidence":[0.005269120447337627,0.010538240894675255,0.015807360410690308,0.02107648178935051,0.02634560316801071,0.031614724546670914,0.036883845925331116,0.04215296730399132,0.04742208868265152,0.05269121006131172,0.057960331439971924,0.06322944909334183,0.06849856674671173,0.07376768440008163,0.07903680205345154,0.08430591970682144,0.08957503736019135,0.09484415501356125,0.10011327266693115,0.10538239032030106,0.11065150797367096,0.11592062562704086,0.12118974328041077,0.12645886838436127,0.13172799348831177,0.13699711859226227,0.14226624369621277,0.14753536880016327,0.15280449390411377,0.15807361900806427,0.16334274411201477,0.2321431040763855],"ori_distance":[0.0023526938166469336,0.004705387633293867,0.007058081217110157,0.009410775266587734,0.011763469316065311,0.014116163365542889,0.01646885648369789,0.01882155053317547,0.021174244582653046,0.023526938632130623,0.0258796326816082,0.028232326731085777,0.030585020780563354,0.03293771296739578,0.03529040515422821,0.03764309734106064,0.039995789527893066,0.042348481714725494,0.04470117390155792,0.04705386608839035,0.04940655827522278,0.051759250462055206,0.054111942648887634,0.05646463483572006,0.05881732702255249,0.06117001920938492,0.06352271139621735,0.06587540358304977,0.0682280957698822,0.07058078795671463,0.07293348014354706,0.1481875777244568],"ori_surface":[0.006815791130065918,0.013631582260131836,0.020447373390197754,0.027263164520263672,0.03407895565032959,0.04089474678039551,0.047710537910461426,0.054526329040527344,0.06134212017059326,0.06815791130065918,0.0749737024307251,0.08178949356079102,0.08860528469085693,0.09542107582092285,0.10223686695098877,0.10905265808105469,0.1158684492111206,0.12268424034118652,0.12950003147125244,0.13631582260131836,0.14313161373138428,0.1499474048614502,0.1567631959915161,0.16357898712158203,0.17039477825164795,0.17721056938171387,0.18402636051177979,0.1908421516418457,0.19765794277191162,0.20447373390197754,0.21128952503204346,0.2977535128593445],"time_s":[124.09988403320313,140.0724334716797,157.1639404296875,175.0525665283203,193.59178161621094,209.6559295654297,223.47393798828125,234.76515197753906,248.48130798339844,259.5953369140625,274.22186279296875,287.986328125,299.8194580078125,313.82159423828125,326.0768127441406,338.70849609375,351.86126708984375,364.21044921875,373.63519287109375,384.1156311035156,396.4617614746094,413.1595153808594,425.6783142089844,462.8299255371094,476.43853759765625,487.3141174316406,501.0741271972656,528.7977294921875,544.13330078125,958.2156372070313,971.0333251953125,987.2440185546875],"timestep":[6828.1640625,6837.61181640625,6847.93017578125,6858.6689453125,6869.5927734375,6878.341796875,6885.85791015625,6891.44921875,6899.18310546875,6904.958984375,6913.0390625,6920.1572265625,6925.56103515625,6932.72998046875,6938.35205078125,6944.115234375,6950.30908203125,6955.77099609375,6959.5771484375,6964.09619140625,6969.455078125,6977.86376953125,6983.30419921875,7002.30322265625,7007.951171875,7012.458984375,7018.59814453125,7032.994140625,7040.43701171875,7277.716796875,7283.97412109375,7292.26416015625]}