{"opi":[0.1818181872367859,0.1818181872367859,0.1818181872367859,0.1818181872367859,0.1818181872367859,0.1818181872367859,0.1818181872367859,0.1818181872367859,0.1818181872367859,0.1818181872367859,0.1818181872367859,0.1818181872367859,0.1818181872367859,0.1818181872367859,0.1818181872367859,0.1818181872367859,0.1818181872367859,0.1818181872367859,0.1818181872367859,0.1818181872367859,0.1818181872367859,0.1818181872367859,0.1818181872367859,0.1818181872367859,0.1818181872367859,0.1818181872367859,0.1818181872367859,0.1818181872367859,0.1818181872367859,0.1818181872367859,0.1818181872367859],"ori_confidence":[0.02611825056374073,0.05223650112748146,0.07835475355386734,0.10447300225496292,0.1305912584066391,0.15670950710773468,0.18282775580883026,0.20894600450992584,0.23506425321102142,0.2611825168132782,0.2873007655143738,0.31341901421546936,0.33953726291656494,0.3656555116176605,0.3917737603187561,0.4178920090198517,0.44401025772094727,0.47012850642204285,0.49624675512313843,0.5223650336265564,0.5484833121299744,0.5746015906333923,0.6007198691368103,0.6268381476402283,0.6529564261436462,0.6790747046470642,0.7051929831504822,0.7313112616539001,0.7574295401573181,0.7835478186607361,0.809666097164154],"ori_distance":[0.029382340610027313,0.058764681220054626,0.08814702183008194,0.11752936244010925,0.14691171050071716,0.17629405856132507,0.20567640662193298,0.2350587546825409,0.2644411027431488,0.2938234508037567,0.3232057988643646,0.35258814692497253,0.38197049498558044,0.41135284304618835,0.44073519110679626,0.4701175391674042,0.4994998872280121,0.5288822054862976,0.5582645535469055,0.5876469016075134,0.6170292496681213,0.6464115977287292,0.6757939457893372,0.7051762938499451,0.734558641910553,0.7639409899711609,0.7933233380317688,0.8227056860923767,0.8520880341529846,0.8814703822135925,0.9108527302742004],"ori_surface":[0.039050765335559845,0.07810153067111969,0.11715229600667953,0.15620306134223938,0.19525381922721863,0.23430457711219788,0.2733553349971771,0.31240609288215637,0.3514568507671356,0.39050760865211487,0.4295583665370941,0.46860912442207336,0.507659912109375,0.5467106699943542,0.5857614278793335,0.6248121857643127,0.663862943649292,0.7029137015342712,0.7419644594192505,0.7810152173042297,0.820065975189209,0.8591167330741882,0.8981674909591675,0.9372182488441467,0.976269006729126,1.01531982421875,1.054370641708374,1.093421459197998,1.132472276687622,1.171523094177246,1.2105739116668701],"time_s":[642.3141479492188,662.20654296875,721.5433959960938,736.9677124023438,757.1900634765625,785.303466796875,803.7857666015625,824.5307006835938,845.618896484375,933.5001831054688,950.192138671875,972.6460571289063,989.5745239257813,1004.000732421875,1022.4629516601563,1038.9873046875,1302.2353515625,1319.76904296875,1340.70947265625,1365.386474609375,1380.5291748046875,1399.14794921875,1417.0035400390625,1431.276123046875,1448.24658203125,1460.8037109375,1482.98095703125,1502.175048828125,1515.90576171875,1531.2705078125,1547.83447265625],"timestep":[2148.89990234375,2160.9189453125,2203.39208984375,2212.3740234375,2225.156982421875,2243.924072265625,2254.93408203125,2267.89599609375,2280.819091796875,2342.35693359375,2351.846923828125,2366.47607421875,2377.031982421875,2385.451904296875,2397.385009765625,2407.660888671875,2599.987060546875,2610.428955078125,2622.632080078125,2638.06494140625,2646.39599609375,2658.007080078125,2668.85302734375,2677.280029296875,2687.839111328125,2694.867919921875,2708.425048828125,2720.51708984375,2729.0009765625,2738.676025390625,2749.407958984375]}