{"opi":[0.024390242993831635,0.024390242993831635,0.024390242993831635,0.024390242993831635,0.024390242993831635,0.024390242993831635,0.024390242993831635,0.024390242993831635,0.024390242993831635,0.024390242993831635,0.024390242993831635,0.024390242993831635,0.04878048598766327,0.0731707289814949,0.0731707289814949,0.0731707289814949,0.09756097197532654,0.09756097197532654,0.09756097197532654,0.12195122241973877,0.12195122241973877,0.12195122241973877,0.12195122241973877,0.12195122241973877,0.12195122241973877,0.1463414579629898,0.17073170840740204],"ori_confidence":[0.1862199753522873,0.3724399507045746,0.5586599111557007,0.744879961013794,0.9311000108718872,1.1173200607299805,1.3035401105880737,1.489760160446167,1.6759802103042603,1.8622002601623535,2.0484201908111572,2.234639883041382,2.6090054512023926,3.138045072555542,3.6670846939086914,4.196124076843262,4.884975433349609,5.573826789855957,6.262678146362305,7.047804832458496,7.8329315185546875,8.618060111999512,9.403189659118652,10.188319206237793,10.973448753356934,11.764296531677246,12.566187858581543],"ori_distance":[0.27125659584999084,0.5425131916999817,0.8137698173522949,1.0850263833999634,1.3562828302383423,1.6275392770767212,1.8987957239151,2.1700522899627686,2.4413087368011475,2.7125651836395264,2.9838216304779053,3.255078077316284,3.779093027114868,4.479764938354492,5.180436611175537,5.881108283996582,6.758157730102539,7.635207176208496,8.51225471496582,9.424755096435547,10.337255477905273,11.249755859375,12.162256240844727,13.074756622314453,13.98725700378418,14.907317161560059,15.84150505065918],"ori_surface":[0.3424915671348572,0.6849831938743591,1.0274747610092163,1.3699663877487183,1.7124580144882202,2.0549495220184326,2.3974411487579346,2.7399327754974365,3.0824244022369385,3.4249160289764404,3.7674076557159424,4.109899044036865,4.770972728729248,5.638278961181641,6.505585193634033,7.372891426086426,8.446066856384277,9.519242286682129,10.59241771697998,11.799046516418457,13.005675315856934,14.21230411529541,15.418932914733887,16.625566482543945,17.83220100402832,19.04612922668457,20.274221420288086],"time_s":[167.08016967773438,265.8880920410156,288.35205078125,311.05364990234375,333.6690673828125,356.59112548828125,380.3102111816406,403.7201843261719,425.72137451171875,448.29449462890625,470.7601013183594,492.9023132324219,516.0365600585938,545.7483520507813,586.4266357421875,608.6368408203125,627.7807006835938,641.912841796875,652.14501953125,666.2996215820313,675.5725708007813,687.8543090820313,699.0025024414063,710.29296875,721.0700073242188,733.1976928710938,743.9879760742188],"timestep":[305.98199462890625,399.9750061035156,420.6499938964844,441.69000244140625,462.510009765625,483.6090087890625,505.4580078125,527.260009765625,547.448974609375,568.2830200195313,589.176025390625,609.822021484375,630.9940185546875,658.593017578125,697.0059814453125,717.6270141601563,735.5780029296875,748.427978515625,757.3109741210938,770.2009887695313,778.5499877929688,789.3699951171875,799.1939697265625,809.3109741210938,819.2139892578125,830.0919799804688,839.9210205078125]}