{"opi":[0.024390242993831635,0.024390242993831635,0.0731707289814949,0.0731707289814949,0.0731707289814949,0.0731707289814949,0.0731707289814949,0.17073170840740204,0.17073170840740204,0.17073170840740204,0.17073170840740204,0.2195121943950653,0.24390244483947754,0.26829269528388977,0.2926829159259796,0.2926829159259796,0.2926829159259796,0.2926829159259796,0.2926829159259796,0.31707316637039185,0.3414634168148041,0.3414634168148041,0.3658536672592163,0.39024388790130615,0.39024388790130615,0.39024388790130615,0.4390243887901306,0.46341463923454285,0.4878048896789551,0.4878048896789551,0.4878048896789551,0.5609756112098694,0.5609756112098694,0.5853658318519592,0.5853658318519592,0.5853658318519592,0.5853658318519592],"ori_confidence":[0.08285580575466156,0.16571159660816193,0.28744640946388245,0.4091813862323761,0.5309163928031921,0.6526513695716858,0.7743863463401794,0.9278238415718079,1.081261157989502,1.2346985340118408,1.3881359100341797,1.7227097749710083,2.059701919555664,2.4057319164276123,2.751845359802246,3.09795880317688,3.4440722465515137,3.7901856899261475,4.136297225952148,4.699856281280518,5.2639241218566895,5.827991962432861,6.401163578033447,7.107743263244629,7.8143229484558105,8.520905494689941,9.230683326721191,9.947041511535645,10.773561477661133,11.600081443786621,12.42660140991211,13.318487167358398,14.210372924804688,15.110462188720703,16.01055145263672,16.91065788269043,17.81076431274414],"ori_distance":[0.1301169991493225,0.260233998298645,0.4297087788581848,0.5991835594177246,0.7686585187911987,0.9381334781646729,1.107608437538147,1.3054208755493164,1.5032333135604858,1.7010457515716553,1.8988581895828247,2.2801098823547363,2.6630873680114746,3.0560526847839355,3.449127197265625,3.8422017097473145,4.235276699066162,4.628350734710693,5.021424770355225,5.696483135223389,6.371949195861816,7.047415256500244,7.732212543487549,8.583632469177246,9.435053825378418,10.28647518157959,11.141509056091309,12.003209114074707,12.96302318572998,13.922837257385254,14.882651329040527,15.94625186920166,17.009851455688477,18.079198837280273,19.14854621887207,20.217893600463867,21.287240982055664],"ori_surface":[0.15184031426906586,0.3036806881427765,0.5221177339553833,0.7405545711517334,0.9589914083480835,1.1774286031723022,1.395865559577942,1.6565622091293335,1.917258858680725,2.177955150604248,2.4386515617370605,2.898585557937622,3.361151695251465,3.8338680267333984,4.306701183319092,4.779534339904785,5.2523674964904785,5.725200653076172,6.198033809661865,6.994772911071777,7.792207717895508,8.589639663696289,9.400627136230469,10.416372299194336,11.432117462158203,12.44786262512207,13.467747688293457,14.494813919067383,15.644800186157227,16.794784545898438,17.94476890563965,19.204816818237305,20.46486473083496,21.73512840270996,23.00539207458496,24.27565574645996,25.54591941833496],"time_s":[125.96790313720703,135.14187622070313,146.39967346191406,165.66188049316406,177.16648864746094,187.26295471191406,216.7029571533203,227.794677734375,237.8124237060547,248.01283264160156,258.4134216308594,271.6935729980469,281.0070495605469,296.3343505859375,306.12060546875,317.66357421875,327.112060546875,335.5653991699219,345.0765075683594,355.8033447265625,370.5306701660156,380.812744140625,392.38067626953125,403.9107971191406,414.2017517089844,426.6046142578125,436.9608154296875,446.5818786621094,456.0103454589844,479.8022766113281,495.819580078125,521.6212768554688,550.7221069335938,566.69921875,580.7433471679688,590.5634765625,602.5157470703125],"timestep":[226.322998046875,234.55299377441406,244.9080047607422,263.61199951171875,274.2309875488281,283.20599365234375,311.84600830078125,321.66400146484375,330.5409851074219,339.5159912109375,348.94000244140625,361.2569885253906,369.7959899902344,384.2770080566406,393.125,403.5690002441406,412.1050109863281,419.94500732421875,428.468994140625,438.02899169921875,451.72601318359375,461.0270080566406,471.2409973144531,481.531005859375,491.0220031738281,502.6029968261719,512.2169799804688,520.97900390625,529.7219848632813,552.6610107421875,567.5170288085938,591.6589965820313,618.8880004882813,633.3610229492188,645.9349975585938,654.8280029296875,666.0189819335938]}