{"opi":[0.04878048598766327,0.04878048598766327,0.04878048598766327,0.04878048598766327,0.04878048598766327,0.04878048598766327,0.04878048598766327,0.04878048598766327,0.0731707289814949,0.0731707289814949,0.12195122241973877,0.1463414579629898,0.1463414579629898,0.1463414579629898,0.1463414579629898,0.1463414579629898,0.1463414579629898,0.1463414579629898,0.1463414579629898,0.24390244483947754,0.26829269528388977,0.26829269528388977,0.2926829159259796,0.31707316637039185,0.31707316637039185,0.31707316637039185,0.3414634168148041,0.3658536672592163,0.3658536672592163,0.3658536672592163,0.3658536672592163,0.3658536672592163,0.46341463923454285],"ori_confidence":[0.005643830168992281,0.011287660337984562,0.01693149097263813,0.022575320675969124,0.028219150379300117,0.03386298194527626,0.039506811648607254,0.04515064135193825,0.05296101048588753,0.06077137961983681,0.1015433818101883,0.3113688826560974,0.5211943984031677,0.7310197949409485,0.9408451914787292,1.1506706476211548,1.360496163368225,1.5703216791152954,1.7801471948623657,2.1001293659210205,2.432854652404785,2.76557993888855,3.1037654876708984,3.6107120513916016,4.1176581382751465,4.624603271484375,5.138051509857178,5.653021812438965,6.167992115020752,6.682962417602539,7.197932720184326,7.712903022766113,8.22824478149414],"ori_distance":[0.006293295882642269,0.012586591765284538,0.018879886716604233,0.025173183530569077,0.03146648034453392,0.037759777158498764,0.04405307397246361,0.05034637078642845,0.05744905397295952,0.06455173343420029,0.09062901139259338,0.25566840171813965,0.4207078218460083,0.585747241973877,0.7507867217063904,0.9158262014389038,1.0808656215667725,1.2459049224853516,1.4109442234039307,1.652327537536621,1.9038482904434204,2.1553690433502197,2.410874366760254,2.821758270263672,3.23264217376709,3.643526077270508,4.055931091308594,4.470862865447998,4.885794639587402,5.300726413726807,5.715658187866211,6.130589962005615,6.5459723472595215],"ori_surface":[0.0064694578759372234,0.012938915751874447,0.019408373162150383,0.025877831503748894,0.032347287982702255,0.038816746324300766,0.04528620466589928,0.05175566300749779,0.06054383143782616,0.06933199614286423,0.11775605380535126,0.36636415123939514,0.6149723529815674,0.8635805249214172,1.112188696861267,1.3607968091964722,1.6094049215316772,1.8580130338668823,2.106621026992798,2.4799304008483887,2.8692939281463623,3.258657455444336,3.6541507244110107,4.266096115112305,4.878040790557861,5.489985466003418,6.109511852264404,6.731651782989502,7.3537917137146,7.975931644439697,8.598075866699219,9.220221519470215,9.842842102050781],"time_s":[139.4411163330078,149.8704071044922,159.85472106933594,169.5876922607422,184.38916015625,194.31243896484375,205.86639404296875,215.52447509765625,231.837890625,243.4660186767578,263.42169189453125,275.6205749511719,321.2966613769531,355.1756286621094,367.2492370605469,381.3622131347656,393.6913146972656,402.5755310058594,415.0576477050781,426.5257873535156,437.4657897949219,446.8449401855469,457.72088623046875,477.0521240234375,491.8860168457031,502.59478759765625,515.3985595703125,526.7205810546875,539.413330078125,548.4623413085938,558.673095703125,569.3047485351563,579.9931030273438],"timestep":[348.70098876953125,357.9020080566406,366.88299560546875,375.3210144042969,388.6300048828125,397.625,407.89300537109375,416.4010009765625,431.3280029296875,442.1709899902344,461.1239929199219,472.4599914550781,516.3400268554688,549.1740112304688,560.3820190429688,573.56201171875,584.4249877929688,592.1370239257813,603.4409790039063,613.6400146484375,623.3480224609375,631.8469848632813,641.6170043945313,659.3060302734375,673.0,682.3350219726563,693.8519897460938,703.9130249023438,715.447021484375,723.56298828125,732.9539794921875,742.7869873046875,752.4089965820313]}