{"opi":[0.0476190485060215,0.0476190485060215,0.0476190485060215,0.0476190485060215,0.0476190485060215,0.0476190485060215,0.095238097012043,0.095238097012043,0.1428571492433548,0.1428571492433548,0.190476194024086,0.190476194024086,0.190476194024086,0.190476194024086,0.2380952388048172,0.2857142984867096,0.2857142984867096,0.3333333432674408,0.3333333432674408,0.3333333432674408,0.380952388048172,0.4285714328289032,0.4285714328289032,0.4761904776096344,0.4761904776096344,0.4761904776096344,0.4761904776096344,0.5714285969734192,0.6190476417541504,0.6190476417541504,0.6190476417541504,0.6190476417541504,0.6190476417541504,0.6190476417541504],"ori_confidence":[0.0004894171725027263,0.0009788343450054526,0.001468251459300518,0.0019576686900109053,0.0024470859207212925,0.0029365031514316797,0.06403245031833649,0.1251283884048462,0.19084803760051727,0.25656768679618835,0.3227742314338684,0.38898077607154846,0.4551873207092285,0.5213938355445862,0.5898311734199524,0.6651186943054199,0.7404062747955322,0.8186927437782288,0.8969791531562805,0.9752655625343323,1.0570273399353027,1.1477991342544556,1.2385709285736084,1.3294645547866821,1.4203581809997559,1.5112518072128296,1.6021454334259033,1.7334587574005127,1.9128234386444092,2.0921883583068848,2.2715532779693604,2.450918197631836,2.6302831172943115,2.809648036956787],"ori_distance":[0.0008307709358632565,0.001661541871726513,0.0024923128075897694,0.003323083743453026,0.004153854679316282,0.004984625615179539,0.07135137915611267,0.13771814107894897,0.2054523229598999,0.2731865346431732,0.34170001745224,0.41021353006362915,0.4787270426750183,0.5472405552864075,0.6174241304397583,0.7001467943191528,0.7828694581985474,0.8687483072280884,0.9546271562576294,1.0405060052871704,1.1297671794891357,1.2391879558563232,1.3486087322235107,1.458177089691162,1.5677454471588135,1.6773138046264648,1.7868821620941162,1.9740275144577026,2.229705572128296,2.4853837490081787,2.7410619258880615,2.9967401027679443,3.252418279647827,3.50809645652771],"ori_surface":[0.0006171218119561672,0.0012342436239123344,0.0018513654358685017,0.002468487247824669,0.003085609059780836,0.0037027308717370033,0.10004809498786926,0.1963934600353241,0.2978351414203644,0.39927682280540466,0.5016241669654846,0.6039716005325317,0.7063190340995789,0.808666467666626,0.9147762656211853,1.032214641571045,1.1496529579162598,1.2714602947235107,1.3932676315307617,1.5150749683380127,1.6419758796691895,1.785812258720398,1.9296486377716064,2.0737171173095703,2.2177858352661133,2.3618545532226563,2.505923271179199,2.7304484844207764,3.026665687561035,3.322882890701294,3.6191000938415527,3.9153172969818115,4.211534023284912,4.507750034332275],"time_s":[29.325498580932617,40.58561706542969,64.81729125976563,76.071533203125,84.5521469116211,93.11749267578125,112.61776733398438,127.13470458984375,138.74542236328125,148.7189483642578,157.52972412109375,166.63575744628906,177.77603149414063,185.89413452148438,194.93667602539063,204.51742553710938,213.7073211669922,221.6106719970703,231.52403259277344,241.7836456298828,251.81765747070313,261.335693359375,273.4964599609375,283.1658935546875,298.0538635253906,321.0953063964844,339.2727355957031,365.26214599609375,384.8480529785156,399.5599060058594,413.43402099609375,431.25201416015625,442.6163330078125,456.0404968261719],"timestep":[1922.8189697265625,1933.3160400390625,1956.614013671875,1966.81005859375,1974.4300537109375,1982.2120361328125,2000.8070068359375,2014.363037109375,2025.1280517578125,2034.47900390625,2042.6490478515625,2051.10791015625,2061.47998046875,2068.90087890625,2077.194091796875,2085.9990234375,2094.4580078125,2101.8798828125,2111.02197265625,2120.4990234375,2129.625,2138.40087890625,2149.68994140625,2158.5458984375,2172.73291015625,2194.946044921875,2211.93505859375,2236.906005859375,2255.59912109375,2269.5458984375,2282.31005859375,2299.007080078125,2309.3720703125,2322.113037109375]}