{"opi":[0.0476190485060215,0.0476190485060215,0.095238097012043,0.1428571492433548,0.190476194024086,0.190476194024086,0.190476194024086,0.190476194024086,0.190476194024086,0.190476194024086,0.2857142984867096,0.3333333432674408,0.380952388048172,0.380952388048172,0.4285714328289032,0.4285714328289032,0.4285714328289032,0.523809552192688,0.523809552192688,0.523809552192688,0.523809552192688,0.523809552192688,0.523809552192688,0.523809552192688,0.523809552192688,0.523809552192688,0.523809552192688,0.523809552192688,0.523809552192688,0.523809552192688,0.523809552192688,0.523809552192688,0.523809552192688,0.761904776096344,0.8095238208770752,0.8571428656578064,0.8571428656578064,0.9047619104385376,0.9047619104385376,0.9047619104385376,0.9047619104385376,0.9523809552192688,0.9523809552192688],"ori_confidence":[0.002008074661716819,0.004016149323433638,0.00775140430778265,0.012378230690956116,0.01841529831290245,0.024452365934848785,0.03048943355679512,0.03652649745345116,0.04256356135010719,0.04860062524676323,0.061215296387672424,0.08710457384586334,0.17702873051166534,0.26695287227630615,0.3880281150341034,0.5091033577919006,0.630178689956665,0.7545469403266907,0.8789151310920715,1.0032832622528076,1.1276514530181885,1.2520196437835693,1.3763878345489502,1.500756025314331,1.625124216079712,1.7494924068450928,1.8738605976104736,1.9982287883758545,2.1225967407226563,2.246964454650879,2.3713321685791016,2.495699882507324,2.620067596435547,2.7753515243530273,2.9310693740844727,3.0873281955718994,3.243587017059326,3.4004008769989014,3.5572147369384766,3.7140285968780518,3.870842456817627,4.121926784515381,4.373012065887451],"ori_distance":[0.000965288607403636,0.001930577214807272,0.003566831350326538,0.005571317858994007,0.008140521124005318,0.010709724389016628,0.013278927654027939,0.015848129987716675,0.01841733232140541,0.020986534655094147,0.026667535305023193,0.04116141423583031,0.08863962441682816,0.1361178308725357,0.19780348241329193,0.25948914885520935,0.32117483019828796,0.3876935541629791,0.4542122781276703,0.5207310318946838,0.5872498154640198,0.6537685990333557,0.7202873826026917,0.7868061661720276,0.8533249497413635,0.9198437333106995,0.9863625168800354,1.052881121635437,1.1193995475769043,1.1859179735183716,1.2524363994598389,1.3189548254013062,1.3854732513427734,1.5210446119308472,1.657317876815796,1.7943142652511597,1.931310772895813,2.0690369606018066,2.206763505935669,2.3444900512695313,2.4822165966033936,2.7775635719299316,3.0729105472564697],"ori_surface":[0.0028033333364874125,0.005606666672974825,0.010337592102587223,0.016096197068691254,0.02344500832259655,0.030793819576501846,0.03814263269305229,0.04549144580960274,0.05284025892615318,0.06018907204270363,0.0774262398481369,0.11538959294557571,0.23083117604255676,0.346272736787796,0.5005282163619995,0.6547836065292358,0.8090389966964722,0.968875527381897,1.1287119388580322,1.2885483503341675,1.4483847618103027,1.608221173286438,1.7680575847625732,1.9278939962387085,2.087730646133423,2.2475674152374268,2.4074041843414307,2.5672409534454346,2.7270777225494385,2.8869144916534424,3.0467512607574463,3.20658802986145,3.366424798965454,3.5827786922454834,3.7998461723327637,4.017650604248047,4.235455513000488,4.454004287719727,4.672553062438965,4.891101837158203,5.109650611877441,5.510139465332031,5.910628318786621],"time_s":[128.92420959472656,138.14895629882813,150.3093719482422,161.22425842285156,171.94223022460938,183.50393676757813,195.9579315185547,212.2050018310547,224.9963836669922,234.3458709716797,248.15431213378906,260.42083740234375,284.4153747558594,307.9484558105469,323.85321044921875,344.75640869140625,354.16497802734375,384.2462158203125,395.6681213378906,405.92266845703125,415.46856689453125,426.04107666015625,440.8581237792969,449.6683044433594,458.07403564453125,469.3728942871094,485.748046875,497.60540771484375,509.2240295410156,518.2985229492188,530.5792236328125,543.0943603515625,554.8975830078125,564.9577026367188,578.0829467773438,604.2380981445313,629.7009887695313,638.0335083007813,651.3296508789063,661.6982421875,671.5149536132813,684.9783325195313,696.576171875],"timestep":[1953.675048828125,1962.1280517578125,1973.14794921875,1982.947021484375,1992.6700439453125,2002.9239501953125,2013.43701171875,2029.0889892578125,2041.2060546875,2049.680908203125,2062.44091796875,2073.9140625,2097.14892578125,2119.89404296875,2134.591064453125,2154.341064453125,2162.81005859375,2191.68994140625,2202.073974609375,2211.258056640625,2219.902099609375,2229.6650390625,2243.5810546875,2251.55908203125,2259.343017578125,2269.79296875,2285.3349609375,2296.389892578125,2307.092041015625,2315.4541015625,2326.7958984375,2338.403076171875,2349.47412109375,2358.527099609375,2370.451904296875,2395.5869140625,2420.2109375,2427.6708984375,2440.257080078125,2449.655029296875,2458.507080078125,2471.037109375,2481.527099609375]}