{"opi":[0.095238097012043,0.095238097012043,0.1428571492433548,0.1428571492433548,0.1428571492433548,0.1428571492433548,0.2857142984867096,0.2857142984867096,0.2857142984867096,0.2857142984867096,0.3333333432674408,0.380952388048172,0.4285714328289032,0.4761904776096344,0.4761904776096344,0.523809552192688,0.5714285969734192,0.5714285969734192,0.6190476417541504,0.6666666865348816,0.7142857313156128,0.761904776096344,0.761904776096344,0.8095238208770752,0.8571428656578064,0.9047619104385376,0.9523809552192688,1.0,1.0,1.0,1.0,1.0,1.0952380895614624,1.0952380895614624,1.1428571939468384,1.1904761791229248,1.2380952835083008,1.2857142686843872,1.3333333730697632,1.3333333730697632],"ori_confidence":[0.1771269589662552,0.354253888130188,0.5323869585990906,0.7105200290679932,0.8886530995368958,1.0667861700057983,1.245233416557312,1.4236806631088257,1.6021279096603394,1.780575156211853,1.9591947793960571,2.167509078979492,2.4256484508514404,2.684328556060791,2.9430086612701416,3.2023494243621826,3.4621808528900146,3.7220122814178467,3.9828903675079346,4.245517730712891,4.508590221405029,4.832282543182373,5.155974864959717,5.480366230010986,5.806103706359863,6.132413864135742,6.459249973297119,6.788267612457275,7.117285251617432,7.446302890777588,7.775320529937744,8.104339599609375,8.433688163757324,8.763036727905273,9.09376335144043,9.431809425354004,9.777368545532227,10.127577781677246,10.5223388671875,10.917099952697754],"ori_distance":[0.12594592571258545,0.2518918514251709,0.37819212675094604,0.504492461681366,0.6307927966117859,0.7570931315422058,0.8840895295143127,1.011085867881775,1.1380821466445923,1.2650784254074097,1.392406702041626,1.552740216255188,1.7819322347640991,2.011986017227173,2.242039442062378,2.4730801582336426,2.704862356185913,2.9366445541381836,3.169053792953491,3.402358055114746,3.63588285446167,3.94285249710083,4.249822616577148,4.5575103759765625,4.866023540496826,5.175363063812256,5.485502243041992,5.799159526824951,6.11281681060791,6.426474094390869,6.740131378173828,7.053788661956787,7.3678975105285645,7.682006359100342,7.9969162940979,8.317020416259766,8.642339706420898,8.970796585083008,9.347450256347656,9.724103927612305],"ori_surface":[0.26995396614074707,0.5399079322814941,0.8111599683761597,1.0824118852615356,1.3536638021469116,1.6249157190322876,1.8967573642730713,2.1685986518859863,2.4404399394989014,2.7122812271118164,2.9844563007354736,3.303790330886841,3.6992783546447754,4.095762729644775,4.492248058319092,4.8898606300354,5.288330554962158,5.686800479888916,6.086672306060791,6.489011287689209,6.89197301864624,7.369746685028076,7.847520351409912,8.32648754119873,8.807251930236816,9.288944244384766,9.771489143371582,10.257561683654785,10.743634223937988,11.229706764221191,11.715779304504395,12.201851844787598,12.688372611999512,13.174893379211426,13.663093566894531,14.162944793701172,14.674488067626953,15.192092895507813,15.775408744812012,16.358722686767578],"time_s":[129.10523986816406,138.4342803955078,149.4811248779297,158.55909729003906,168.12953186035156,178.8209228515625,189.94554138183594,200.43963623046875,212.0588836669922,222.68026733398438,232.7430877685547,248.42417907714844,259.61370849609375,270.6636657714844,281.606201171875,292.0130615234375,302.4924621582031,314.8583984375,326.7135925292969,337.71826171875,349.4651184082031,362.1446838378906,371.8641662597656,389.33343505859375,400.1626281738281,411.8054504394531,422.902587890625,433.8317565917969,444.72344970703125,457.6095275878906,466.9075927734375,489.772705078125,505.2018737792969,529.14794921875,547.7801513671875,557.8204956054688,567.6008911132813,576.2943725585938,587.6552124023438,599.2489624023438],"timestep":[1943.8909912109375,1952.1710205078125,1962.2960205078125,1970.666015625,1979.4200439453125,1989.2669677734375,1999.56396484375,2009.323974609375,2020.1209716796875,2030.031982421875,2039.3790283203125,2054.465087890625,2064.68603515625,2074.8359375,2084.70703125,2093.9970703125,2103.6640625,2115.035888671875,2125.841064453125,2135.9541015625,2146.634033203125,2158.125,2167.01806640625,2183.576904296875,2193.44091796875,2204.110107421875,2214.31005859375,2224.429931640625,2234.381103515625,2245.909912109375,2254.39208984375,2276.22607421875,2290.7451171875,2313.756103515625,2331.450927734375,2340.760009765625,2349.60009765625,2357.52587890625,2367.93701171875,2378.756103515625]}