{"opi":[0.095238097012043,0.1428571492433548,0.190476194024086,0.190476194024086,0.190476194024086,0.190476194024086,0.190476194024086,0.2380952388048172,0.2857142984867096,0.3333333432674408,0.3333333432674408,0.3333333432674408,0.3333333432674408,0.3333333432674408,0.3333333432674408,0.3333333432674408,0.3333333432674408,0.3333333432674408,0.4761904776096344,0.523809552192688,0.5714285969734192,0.6190476417541504,0.6666666865348816,0.7142857313156128,0.761904776096344,0.8095238208770752,0.8571428656578064,0.8571428656578064,0.8571428656578064,0.8571428656578064,0.8571428656578064,0.8571428656578064],"ori_confidence":[0.003070676699280739,0.0199875645339489,0.04858587682247162,0.07718418538570404,0.10578249394893646,0.13438081741333008,0.1629791557788849,0.19179277122020721,0.22149460017681122,0.2516004145145416,0.2817062437534332,0.31181207299232483,0.34191790223121643,0.37202373147010803,0.40212956070899963,0.43223538994789124,0.46234121918678284,0.49244704842567444,0.5230512619018555,0.5541552901268005,0.5859804749488831,0.6183097958564758,0.6524750590324402,0.6900409460067749,0.7335493564605713,0.7872912287712097,0.8456065654754639,0.903921902179718,0.9622372388839722,1.0205525159835815,1.0788681507110596,1.1371837854385376],"ori_distance":[0.007645397912710905,0.04905529320240021,0.11051654070615768,0.17197775840759277,0.23343898355960846,0.29490020871162415,0.35636141896247864,0.4180651605129242,0.4809657335281372,0.5446954369544983,0.6084250807762146,0.6721547245979309,0.7358843684196472,0.7996140122413635,0.8633436560630798,0.9270732998847961,0.9908029437065125,1.0545322895050049,1.1190227270126343,1.1842848062515259,1.2506381273269653,1.31789231300354,1.3876371383666992,1.4603434801101685,1.538404941558838,1.6260881423950195,1.7190570831298828,1.812026023864746,1.9049949645996094,1.9979639053344727,2.090933084487915,2.1839022636413574],"ori_surface":[0.005648397374898195,0.03793858364224434,0.08958014100790024,0.14122170209884644,0.19286327064037323,0.24450483918190002,0.2961463928222656,0.3481074869632721,0.4013579785823822,0.45521411299705505,0.5090701580047607,0.562926173210144,0.6167821884155273,0.6706382036209106,0.724494218826294,0.7783502340316772,0.8322062492370605,0.8860622644424438,0.9406769871711731,0.9960611462593079,1.0525774955749512,1.1100776195526123,1.1705620288848877,1.235245704650879,1.3086916208267212,1.3950331211090088,1.4875950813293457,1.5801570415496826,1.6727190017700195,1.7652809619903564,1.8578429222106934,1.9504048824310303],"time_s":[1121.9119873046875,1162.080810546875,1218.2440185546875,1246.15185546875,1293.1341552734375,1326.8787841796875,1401.3118896484375,1420.4031982421875,1445.2806396484375,1538.45263671875,1643.5872802734375,1717.9146728515625,1739.05517578125,1827.9864501953125,1854.963134765625,1925.755615234375,2230.13623046875,2259.790771484375,2363.227294921875,2502.192626953125,2675.359619140625,2740.70654296875,2796.518798828125,2992.663818359375,3075.002197265625,3125.5126953125,3235.88720703125,3260.66259765625,3322.69384765625,3395.370361328125,3557.01904296875,3784.83984375],"timestep":[2074.98388671875,2083.876953125,2094.48193359375,2099.0830078125,2107.947021484375,2113.530029296875,2128.02294921875,2131.04296875,2135.237060546875,2154.43896484375,2176.113037109375,2191.404052734375,2194.80810546875,2212.2939453125,2216.7509765625,2229.35498046875,2288.64501953125,2293.162109375,2312.7958984375,2340.52001953125,2373.47900390625,2385.236083984375,2394.712890625,2442.0791015625,2455.993896484375,2463.987060546875,2484.97509765625,2488.2451171875,2497.51708984375,2508.972900390625,2539.658935546875,2584.85400390625]}