{"opi":[0.0476190485060215,0.095238097012043,0.1428571492433548,0.190476194024086,0.2380952388048172,0.2380952388048172,0.2380952388048172,0.2380952388048172,0.2380952388048172,0.2857142984867096,0.2857142984867096,0.380952388048172,0.4285714328289032,0.4285714328289032,0.4285714328289032,0.4285714328289032,0.4285714328289032,0.4285714328289032,0.4285714328289032,0.4285714328289032,0.4285714328289032,0.4285714328289032,0.4285714328289032,0.4285714328289032,0.4285714328289032,0.4285714328289032,0.4285714328289032,0.4285714328289032,0.4285714328289032,0.4285714328289032,0.4285714328289032,0.4285714328289032,0.4285714328289032],"ori_confidence":[0.0033265738748013973,0.01265025231987238,0.05005829781293869,0.10113848745822906,0.18473681807518005,0.26833513379096985,0.35193347930908203,0.4355318248271942,0.5191301703453064,0.6039875149726868,0.6888448596000671,0.7789530754089355,0.8705061674118042,0.9620592594146729,1.053612470626831,1.1451655626296997,1.2367186546325684,1.328271746635437,1.4198248386383057,1.5113779306411743,1.602931022644043,1.6944841146469116,1.7860372066497803,1.877590298652649,1.9691433906555176,2.0606963634490967,2.152249574661255,2.243802785873413,2.3353559970855713,2.4269092082977295,2.5184624195098877,2.610015630722046,2.701568841934204],"ori_distance":[0.002037359867244959,0.011533103883266449,0.07102593034505844,0.15241639316082,0.28214138746261597,0.41186636686325073,0.5415913462638855,0.671316385269165,0.8010414242744446,0.9317536354064941,1.062465786933899,1.1965737342834473,1.3323677778244019,1.4681618213653564,1.603955864906311,1.7397499084472656,1.8755439519882202,2.011338233947754,2.147132396697998,2.282926559448242,2.4187207221984863,2.5545148849487305,2.6903090476989746,2.8261032104492188,2.961897373199463,3.097691535949707,3.233485698699951,3.3692798614501953,3.5050740242004395,3.6408681869506836,3.7766623497009277,3.912456512451172,4.048250675201416],"ori_surface":[0.004048483911901712,0.01570499688386917,0.0790431872010231,0.16714555025100708,0.3166806101799011,0.46621567010879517,0.6157507300376892,0.7652857303619385,0.9148207306861877,1.0661762952804565,1.2175320386886597,1.3757908344268799,1.5360161066055298,1.6962413787841797,1.8564666509628296,2.0166916847229004,2.1769161224365234,2.3371405601501465,2.4973649978637695,2.6575894355773926,2.8178138732910156,2.9780383110046387,3.1382627487182617,3.2984871864318848,3.458711624145508,3.618936061859131,3.779160499572754,3.939384937286377,4.099609851837158,4.259835243225098,4.420060634613037,4.580286026000977,4.740511417388916],"time_s":[314.6361389160156,350.33258056640625,372.7424621582031,391.3626708984375,410.8812255859375,430.7436218261719,455.70257568359375,474.2471923828125,502.6243591308594,526.2899169921875,548.446044921875,566.3729248046875,584.2692260742188,618.7236938476563,650.1371459960938,670.2324829101563,691.1334838867188,710.0401000976563,726.9061279296875,745.4154663085938,772.697998046875,841.785888671875,860.9214477539063,940.0095825195313,974.567626953125,1020.0986938476563,1040.1448974609375,1059.3057861328125,1076.08642578125,1092.97412109375,1174.3221435546875,1215.867919921875,1236.082763671875],"timestep":[1910.75,1919.0469970703125,1923.7359619140625,1927.6080322265625,1931.5670166015625,1935.4759521484375,1940.4659423828125,1944.385009765625,1950.8699951171875,1956.178955078125,1961.093994140625,1964.8399658203125,1968.5460205078125,1976.748046875,1983.5150146484375,1987.2650146484375,1991.35595703125,1994.781982421875,1997.8580322265625,2001.333984375,2006.9549560546875,2020.4649658203125,2023.9210205078125,2042.2469482421875,2049.319091796875,2058.93310546875,2062.568115234375,2066.009033203125,2068.841064453125,2071.802001953125,2090.741943359375,2099.85595703125,2103.60400390625]}